Price,Close,High,Low,Open,Volume,next_day_high_target,Next_Day_Close_Target
Ticker,AAPL,AAPL,AAPL,AAPL,AAPL,,
Date,,,,,,,
2022-01-03,178.103653,178.954991,173.8959525,174.0133723,104487900,179.0137144,175.8432465
2022-01-04,175.8432465,179.0137144,175.2756927,178.7103701,99310400,176.3031403,171.1658173
2022-01-05,171.1658173,176.3031403,170.8918279,175.7551616,94537600,171.5376488,168.3084717
2022-01-06,168.3084717,171.5376488,167.9561975,168.993445,96904000,170.4025588,168.4748383
2022-01-07,168.4748383,170.4025588,167.3593058,169.1793866,86709100,168.7977749,168.4944305
2022-01-10,168.4944305,168.7977749,164.5607043,165.4511773,106765600,171.4202172,171.3223724
2022-01-11,171.3223724,171.4202172,167.1538074,168.6216139,76138300,173.3773379,171.7627563
2022-01-12,171.7627563,173.3773379,171.0680028,172.3400901,74805200,172.8293459,168.4944305
2022-01-13,168.4944305,172.8293459,168.1030065,172.0073778,84505800,170.0502985,169.355545
2022-01-14,169.355545,170.0502985,167.4180294,167.6626639,80440800,168.8368999,166.1557159
2022-01-18,166.1557159,168.8368999,165.7740868,167.8290072,90956700,167.408237,162.662323
2022-01-19,162.662323,167.408237,162.3785536,166.3514144,94815000,166.0383024,160.9792633
2022-01-20,160.9792633,166.0383024,160.656344,163.3962531,91420500,162.7601981,158.9243317
2022-01-21,158.9243317,162.7601981,158.8166919,160.8911873,122848900,158.8167198,158.1513062
2022-01-24,158.1513062,158.8167198,151.379825,156.5856543,162294600,159.266792,156.3507538
2022-01-25,156.3507538,159.266792,153.6499951,155.5679206,115798400,160.8618197,156.2626953
2022-01-26,156.2626953,160.8618197,154.4328345,159.9909217,108275300,160.3236511,155.8028107
2022-01-27,155.8028107,160.3236511,154.8829826,158.963484,121954600,166.6939219,166.6743469
2022-01-28,166.6743469,166.6939219,159.3059584,162.153507,179935700,171.2441339,171.0288544
2022-01-31,171.0288544,171.2441339,165.8719554,166.508014,115541600,171.0875473,170.8624878
2022-02-01,170.8624878,171.0875473,168.6118478,170.2753591,86213900,172.1052662,172.0661163
2022-02-02,172.0661163,172.1052662,169.6099914,170.9995135,84914300,172.4574749,169.1891479
2022-02-03,169.1891479,172.4574749,168.4258898,170.7352392,89418100,170.5805134,168.9050751
2022-02-04,168.9050751,170.5805134,167.2296367,168.2094214,82465400,170.4335039,168.1898041
2022-02-07,168.1898041,170.4335039,167.4941505,169.3655424,77251200,171.805238,171.2957458
2022-02-08,171.2957458,171.805238,167.9644692,168.2584076,74829200,173.0789156,172.7164001
2022-02-09,172.7164001,173.0789156,171.3642928,172.4910539,71285000,171.932595,168.6405182
2022-02-10,168.6405182,171.932595,168.0820487,170.6196872,90865900,169.5811269,165.2308807
2022-02-11,165.2308807,169.5811269,164.643004,168.8462884,98670700,166.1518649,165.4660187
2022-02-14,165.4660187,166.1518649,163.1929114,163.9865344,86185500,169.4537204,169.2969513
2022-02-15,169.2969513,169.4537204,166.8083053,167.5137513,62527400,169.8358365,169.0618134
2022-02-16,169.0618134,169.8358365,166.6123522,168.3759672,61177400,168.4347647,165.4660187
2022-02-17,165.4660187,168.4347647,165.0643034,167.5725495,69589300,167.0924769,163.917984
2022-02-18,163.917984,167.0924769,162.8304224,166.3870456,82772700,163.320284,160.9981995
2022-02-22,160.9981995,163.320284,158.8720539,161.6448459,91162800,162.7911987,156.8341217
2022-02-23,156.8341217,162.7911987,156.5205835,162.1935295,90009200,159.5578959,159.450119
2022-02-24,159.450119,159.5578959,148.9272292,149.4955059,141147500,161.7820023,161.5174713
2022-02-25,161.5174713,161.7820023,157.6179185,160.5278795,91974200,162.0759666,161.7820282
2022-02-28,161.7820282,162.0759666,159.1464052,159.7636743,95056600,163.2320939,159.9008179
2022-03-01,159.9008179,163.2320939,158.6956872,161.3704945,83474400,163.9767475,163.1929169
2022-03-02,163.1929169,163.9767475,159.6558939,161.0667861,79724800,165.4953825,162.8695526
2022-03-03,162.8695526,165.4953825,162.2033064,165.064275,76678400,162.2033367,159.8714447
2022-03-04,159.8714447,162.2033367,158.823083,161.1647675,83737200,161.6840344,156.0796661
2022-03-07,156.0796661,161.6840344,155.8249126,160.0575886,96418800,159.5873087,154.2572784
2022-03-08,154.2572784,159.5873087,152.6504324,155.6093859,131148300,160.1065912,159.6558838
2022-03-09,159.6558838,160.1065912,156.1874532,158.2155994,91454900,157.1476372,155.3154449
2022-03-10,155.3154449,157.1476372,152.8267839,156.9614757,105342000,156.0600575,151.6020355
2022-03-11,151.6020355,156.0600575,151.3766893,155.717127,96970100,151.00438,147.5751343
2022-03-14,147.5751343,151.00438,147.0656571,148.3883572,108732100,152.4251109,151.9548035
2022-03-15,151.9548035,152.4251109,147.340026,147.8495032,92964300,156.7655306,156.3638153
2022-03-16,156.3638153,156.7655306,151.3375307,153.8751691,102300200,157.745324,157.3730011
2022-03-17,157.3730011,157.745324,154.4434546,155.4036394,75615400,161.1549313,160.6650391
2022-03-18,160.6650391,161.1549313,156.5303478,157.2651861,123511700,162.9871505,162.0367584
2022-03-21,162.0367584,162.9871505,159.7146591,160.2045513,95811400,165.995073,165.4072113
2022-03-22,165.4072113,165.995073,161.5762507,162.1641123,81532000,169.1499883,166.7691193
2022-03-23,166.7691193,169.1499883,164.2608585,164.5939966,98062700,170.6196941,170.5511169
2022-03-24,170.5511169,170.6196941,166.7691477,167.6019557,90131400,171.7366194,171.1879425
2022-03-25,171.1879425,171.7366194,169.2577659,170.3649271,80546200,172.177548,172.0501862
2022-03-28,172.0501862,172.177548,168.5229555,168.6895171,90371900,175.3912014,175.3422241
2022-03-29,175.3422241,175.3912014,172.7751788,173.1181093,100589400,175.9791154,174.1763153
2022-03-30,174.1763153,175.9791154,173.1279386,174.9405461,92633200,174.4310308,171.0801697
2022-03-31,171.0801697,174.4310308,170.8744084,174.2448694,103049300,171.3447546,170.7862701
2022-04-01,170.7862701,171.3447546,168.4641852,170.5119316,78751300,174.8817559,174.8327637
2022-04-04,174.8327637,174.8817559,170.9136253,171.0410021,76468400,174.6955485,171.5210419
2022-04-05,171.5210419,174.6955485,170.8939805,173.911718,73401800,170.1199995,168.3563843
2022-04-06,168.3563843,170.1199995,166.6907535,168.8756689,89058800,169.8554181,168.66008
2022-04-07,168.66008,169.8554181,166.4163803,167.6998955,77594700,168.307404,166.6515656
2022-04-08,166.6515656,168.307404,165.7795578,168.307404,76575500,165.6129997,162.3993073
2022-04-11,162.3993073,165.6129997,162.1543611,165.2994764,72246700,166.4360065,164.2706909
2022-04-12,164.2706909,166.4360065,163.2713064,164.623414,79265200,167.582338,166.9552765
2022-04-13,166.9552765,167.582338,163.3986688,164.0061305,70618900,167.8076843,161.9485626
2022-04-14,161.9485626,167.8076843,161.7036165,167.1708155,75329400,163.2321167,161.7330475
2022-04-18,161.7330475,163.2321167,160.2633706,160.6062863,69023900,164.4274223,164.0158997
2022-04-19,164.0158997,164.4274223,160.5964617,161.684023,67723800,165.4660341,163.8493805
2022-04-20,163.8493805,165.4660341,162.742234,165.3484498,67929800,168.0624399,163.0557404
2022-04-21,163.0557404,168.0624399,162.5560556,165.4954092,87227800,164.4764246,158.5193329
2022-04-22,158.5193329,164.4764246,158.2352019,163.0949398,84882400,159.8714417,159.5873108
2022-04-25,159.5873108,159.8714417,155.2566649,157.8628804,96046400,159.0582499,153.630249
2022-04-26,153.630249,159.0582499,153.5518645,158.9700728,95623200,156.5597537,153.4048615
2022-04-27,153.4048615,156.5597537,152.2389155,152.7582001,88063200,161.1941395,160.3319244
2022-04-28,160.3319244,161.1941395,155.7171332,156.0306714,130216800,162.8401567,154.4629974
2022-04-29,154.4629974,162.8401567,154.0710897,158.5682963,131747600,155.0312852,154.7667542
2022-05-02,154.7667542,155.0312852,150.1715628,153.5420236,123055300,157.4611729,156.2560272
2022-05-03,156.2560272,157.4611729,153.1599196,154.952912,88966500,163.1145261,162.6638336
2022-05-04,162.6638336,163.1145261,156.0404806,156.4421958,108256500,160.7630369,153.6008148
2022-05-05,153.6008148,160.7630369,151.8175999,160.5376906,130525300,156.4463671,154.3269196
2022-05-06,154.3269196,156.4463671,151.285119,153.0807608,116124600,152.90416,149.2049408
2022-05-09,149.2049408,152.90416,148.6456508,152.0210493,131577900,153.797073,151.6089325
2022-05-10,151.6089325,153.797073,150.0585966,152.5999784,115366700,152.5312974,143.7493439
2022-05-11,143.7493439,152.5312974,143.0722968,150.6179132,142689800,143.4549558,139.8833008
2022-05-12,139.8833008,143.4549558,136.1939037,140.0893644,182602000,145.3192871,144.3478699
2022-05-13,144.3478699,145.3192871,140.4229737,141.8751811,113990900,144.7501769,142.8073425
2022-05-16,142.8073425,144.7501769,141.4728772,142.8171644,86643800,146.9579443,146.4378967
2022-05-17,146.4378967,146.9579443,143.9259503,146.0650268,78336300,144.5931624,138.1759644
2022-05-18,138.1759644,144.5931624,137.2732251,144.0927436,109742900,139.000254,134.7711792
2022-05-19,134.7711792,139.000254,134.0352609,137.2536758,136095600,138.0581987,135.0065918
2022-05-20,135.0065918,138.0581987,130.120101,136.4784276,137426100,140.5701513,140.4229736
2022-05-23,140.4229736,140.5701513,135.0654838,135.2028545,117726300,139.3043807,137.7246094
2022-05-24,137.7246094,139.3043807,134.7515017,138.1661572,104132700,139.1277508,137.8816071
2022-05-25,137.8816071,139.1277508,135.7425309,135.8308374,92482700,141.629897,141.0804138
2022-05-26,141.0804138,141.629897,134.5650858,134.8103918,90601500,146.8696409,146.8303986
2022-05-27,146.8303986,146.8696409,142.5326315,142.6601954,90978500,147.8312145,146.0453796
2022-05-31,146.0453796,147.8312145,144.0829316,146.2710719,103718400,148.8909702,145.9178619
2022-06-01,145.9178619,148.8909702,144.9071872,147.0855062,74286600,148.4297664,148.3708954
2022-06-02,148.3708954,148.4297664,144.1025648,145.0543533,72348100,145.1917579,142.6503906
2022-06-03,142.6503906,145.1917579,141.7476661,144.1418408,88570300,145.7804855,143.3961029
2022-06-06,143.3961029,145.7804855,142.1793795,144.2693918,71598400,146.2024104,145.9178619
2022-06-07,145.9178619,146.2024104,141.3944176,141.6397237,67808200,147.0560418,145.1819153
2022-06-08,145.1819153,147.0560418,144.6913033,145.7902694,53950200,145.1721049,139.9618073
2022-06-09,139.9618073,145.1721049,139.853872,144.3184447,69473000,138.1170694,134.5552368
2022-06-10,134.5552368,138.1170694,134.486544,137.6460861,91437900,132.661511,129.4038544
2022-06-13,129.4038544,132.661511,128.9721133,130.3752568,122207100,131.3760761,130.2672882
2022-06-14,130.2672882,131.3760761,129.0113227,130.6303513,84784300,134.7613027,132.8871613
2022-06-15,132.8871613,134.7613027,129.6785695,131.7685665,91533000,129.9042733,127.6180191
2022-06-16,127.6180191,129.9042733,126.6171662,129.6000962,108123900,130.5813086,129.0898438
2022-06-17,129.0898438,130.5813086,127.3727015,127.6278294,134520300,134.4865523,133.3188934
2022-06-21,133.3188934,134.4865523,130.8167843,130.9148977,81000500,135.1734084,132.80867
2022-06-22,132.80867,135.1734084,131.3957051,132.259172,73409200,135.9878426,135.6738586
2022-06-23,135.6738586,135.9878426,133.0834277,134.2510867,72433800,139.2455197,139.0002136
2022-06-24,139.0002136,139.2455197,137.1457006,137.2732496,89116800,140.7958556,139.0002136
2022-06-27,139.0002136,140.7958556,138.3231666,140.0206801,70207900,140.7271676,134.8594513
2022-06-28,134.8594513,140.7271676,134.7417092,139.461395,67083400,138.0287792,136.6158142
2022-06-29,136.6158142,138.0287792,134.1038831,134.8790585,66242400,135.7719678,134.1529541
2022-06-30,134.1529541,135.7719678,131.2583461,134.6730017,98964500,136.4293769,136.3214417
2022-07-01,136.3214417,136.4293769,133.11285,133.4857049,71051600,138.9511486,138.9020844
2022-07-05,138.9020844,138.9511486,134.3590119,135.1832515,73353800,141.4140076,140.2365417
2022-07-06,140.2365417,141.4140076,138.4310931,138.6960277,74064300,143.79843,143.6021881
2022-07-07,143.6021881,143.79843,140.5898222,140.5996291,66253700,144.779624,144.2791901
2022-07-08,144.2791901,144.779624,142.2774994,142.5326123,64547800,143.8866728,142.1499023
2022-07-11,142.1499023,143.8866728,141.0803719,142.9348845,63141600,145.6627356,143.1213684
2022-07-12,143.1213684,145.6627356,142.3265792,143.02324,77588800,143.7002675,142.7583008
2022-07-13,142.7583008,143.7002675,139.4515654,140.3052405,71185600,146.1533412,145.6823578
2022-07-14,145.6823578,146.1533412,140.5603663,141.3747842,78140700,148.0274804,147.3504333
2022-07-15,147.3504333,148.0274804,145.4174205,146.9677565,76259900,148.7241324,144.3086243
2022-07-18,144.3086243,148.7241324,143.9455612,147.9097146,81420900,148.3904875,148.1648102
2022-07-19,148.1648102,148.3904875,144.151608,145.1426387,82982400,150.8337899,150.1665497
2022-07-20,150.1665497,150.8337899,147.5466828,148.282601,64823400,152.649037,152.4331665
2022-07-21,152.4331665,152.649037,149.0871888,151.59912,65086600,153.3457064,151.1968231
2022-07-22,151.1968231,153.3457064,150.5295979,152.4724175,66675400,152.1289867,150.0782318
2022-07-25,150.0782318,152.1289867,149.4208134,151.118327,53623900,150.2156002,148.7535858
2022-07-26,148.7535858,150.2156002,147.9686035,149.4011824,55138700,154.3759998,153.8461304
2022-07-27,153.8461304,154.3759998,149.3030727,149.715185,78620700,154.6801477,154.3955994
2022-07-28,154.3955994,154.6801477,151.5107985,154.0325363,81378700,160.5577369,159.4587555
2022-07-29,159.4587555,160.5577369,156.5052757,158.2126114,101786900,160.5184566,158.4775085
2022-08-01,158.4775085,160.5184566,157.8691544,157.9868965,67829400,159.3606078,157.005661
2022-08-02,157.005661,159.3606078,156.632806,157.0939826,59907000,163.4621121,163.0107574
2022-08-03,163.0107574,163.4621121,157.7317672,157.8200738,82507500,164.0508561,162.6967621
2022-08-04,162.6967621,164.0508561,161.3426681,162.8930039,55474100,162.962027,162.4707336
2022-08-05,162.4707336,162.962027,160.1616487,160.3679985,56697000,164.8879232,161.999115
2022-08-08,161.999115,164.8879232,161.3407835,163.4729955,60276900,162.9326009,162.0482635
2022-08-09,162.0482635,162.9326009,160.4073449,161.1639412,63135500,166.3912948,166.293045
2022-08-10,166.293045,166.3912948,163.9937799,164.7601966,70170500,168.0125743,165.5561066
2022-08-11,165.5561066,168.0125743,165.2613274,167.0987605,57149200,169.1720143,169.103241
2022-08-12,169.103241,169.1720143,166.4502439,166.8629436,68039400,170.3707698,170.1742554
2022-08-15,170.1742554,170.3707698,168.3662988,168.5333368,54091700,170.6852111,170.0170441
2022-08-16,170.0170441,170.6852111,168.6709045,169.7713973,56377100,173.0827046,171.5105743
2022-08-17,171.5105743,173.0827046,169.5650562,169.7615706,79542000,171.8544788,171.1175385
2022-08-18,171.1175385,171.8544788,170.1054749,170.7245096,62290100,170.7147004,168.5333557
2022-08-19,168.5333557,170.7147004,168.3270058,170.0170569,70346300,166.902248,164.6521301
2022-08-22,164.6521301,166.902248,164.2296099,166.73521,69026800,165.7722325,164.3179932
2022-08-23,164.3179932,165.7722325,163.748091,164.1706111,54147100,165.1827105,164.6128082
2022-08-24,164.6128082,165.1827105,163.355098,164.4064733,53841500,167.1773448,167.0692596
2022-08-25,167.0692596,167.1773448,165.4185207,165.8410259,51218200,168.0715189,160.7708893
2022-08-26,160.7708893,168.0715189,160.7119365,167.5998813,78961000,160.063422,158.5699005
2022-08-29,158.5699005,160.063422,157.0370671,158.3438947,73314000,159.729335,156.1428986
2022-08-30,156.1428986,159.729335,154.9736177,159.3068298,77906200,157.7838544,154.4823608
2022-08-31,154.4823608,157.7838544,154.4037521,157.5185517,87991100,155.6614237,155.2094421
2022-09-01,155.2094421,155.6614237,151.9767227,153.9124202,74229900,157.5676676,153.0968933
2022-09-02,153.0968933,157.5676676,152.2715237,156.9682889,76957800,154.3546238,151.8392029
2022-09-06,151.8392029,154.3546238,151.0138332,153.7454245,73714800,153.941891,153.2442627
2022-09-07,153.2442627,153.941891,150.9351774,152.1241142,87449600,153.6373413,151.7704315
2022-09-08,151.7704315,153.6373413,150.0214124,151.94729,84923800,155.0719064,154.6297302
2022-09-09,154.6297302,155.0719064,152.0553568,152.7628207,68028800,161.3997164,160.5841675
2022-09-12,160.5841675,161.3997164,156.5260938,156.8110374,104956000,157.7445243,151.1611938
2022-09-13,151.1611938,157.7445243,150.6993767,157.1156692,122656600,154.36443,152.6055908
2022-09-14,152.6055908,154.36443,150.9351959,152.0946414,87965400,152.5368166,149.7167816
2022-09-15,149.7167816,152.5368166,148.74403,151.9570789,90481100,148.7145573,148.0758667
2022-09-16,148.0758667,148.7145573,145.7864371,148.5769957,162278800,151.8686326,151.7900238
2022-09-19,151.7900238,151.8686326,146.5037163,146.7100512,81474200,155.3273683,154.1679077
2022-09-20,154.1679077,155.3273683,150.4144328,150.7288529,107689800,155.9758963,151.0433044
2022-09-21,151.0433044,155.9758963,150.9253988,154.6002653,101696800,151.7802242,150.0803528
2022-09-22,150.0803528,151.7802242,148.2822167,149.7266208,86652500,148.8324457,147.8105469
2022-09-23,147.8105469,148.8324457,145.9731141,148.5573225,96029900,151.0924145,148.1446533
2022-09-26,148.1446533,151.0924145,147.0343252,147.0539811,93339400,152.0258653,149.1174011
2022-09-27,149.1174011,152.0258653,147.338921,150.0803472,84442700,148.0168922,147.2308197
2022-09-28,147.2308197,148.0168922,142.3178851,145.0691315,146691400,144.1651515,139.9989777
2022-09-29,139.9989777,144.1651515,138.2303182,143.5559524,128138200,140.6082349,135.7935486
2022-09-30,135.7935486,140.6082349,135.5970341,138.819919,124925300,140.5787271,139.9695129
2022-10-03,139.9695129,140.5787271,135.2924043,135.8033537,114311700,143.6738749,143.5559692
2022-10-04,143.5559692,143.6738749,141.7479977,142.5045939,87830100,144.8136846,143.8507385
2022-10-05,143.8507385,144.8136846,140.519769,141.5613239,79471000,144.9708726,142.8976135
2022-10-06,142.8976135,144.9708726,142.6912787,143.2710014,68402200,140.6082318,137.6506348
2022-10-07,137.6506348,140.6082318,137.0217796,140.0579704,85925600,139.4192575,137.9748535
2022-10-10,137.9748535,139.4192575,136.1570767,137.9748535,74899000,138.8886934,136.5599518
2022-10-11,136.5599518,138.8886934,135.813191,137.4639301,77033700,137.9159214,135.9310913
2022-10-12,135.9310913,137.9159214,135.7542328,136.7073435,70433700,141.0896653,140.5001221
2022-10-13,140.5001221,141.0896653,132.0302118,132.639426,113224000,142.0034817,135.9703979
2022-10-14,135.9703979,142.0034817,135.783704,141.7971318,88598000,140.4116643,139.9302063
2022-10-17,139.9302063,140.4116643,137.8274709,138.6135434,85250900,144.1455471,141.2469177
2022-10-18,141.2469177,144.1455471,138.1615943,142.9566249,99136600,142.4259968,141.3549805
2022-10-19,141.3549805,142.4259968,139.0360743,139.2227683,61758300,143.3496256,140.893158
2022-10-20,140.893158,143.3496256,140.1660381,140.5296055,64522000,145.2754992,144.7055969
2022-10-21,144.7055969,145.2754992,140.1660346,140.382205,86548600,147.6140577,146.847641
2022-10-24,146.847641,147.6140577,143.4577185,144.6269995,75981900,149.834714,149.6873169
2022-10-25,149.6873169,149.834714,146.7592115,147.4764959,74732300,149.3433879,146.7493591
2022-10-26,146.7493591,149.3433879,145.4621577,148.3313246,88194300,146.4546053,142.2786102
2022-10-27,142.2786102,146.4546053,141.6202787,145.4916741,109180200,154.7574699,153.0281219
2022-10-28,153.0281219,154.7574699,145.2460338,145.6194067,164762400,151.554198,150.6698608
2022-10-31,150.6698608,151.554198,149.2745893,150.4930024,97943200,152.7431228,148.0267029
2022-11-01,148.0267029,152.7431228,146.5331817,152.3795704,80379300,149.5202475,142.5045776
2022-11-02,142.5045776,149.5202475,142.4751012,146.3563165,93604600,140.3134087,136.4616699
2022-11-03,136.4616699,140.3134087,136.3339288,139.586289,97918500,140.4182377,136.1959534
2022-11-04,136.1959534,140.4182377,132.2590854,139.84739,140814800,136.9538133,136.7274475
2022-11-07,136.7274475,136.9538133,133.5287417,134.9460168,83374600,139.1977796,137.2982483
2022-11-08,137.2982483,139.1977796,135.3199779,138.1938892,89908500,136.3632591,132.741333
2022-11-09,132.741333,136.3632591,132.4657535,136.3140453,74917800,144.5519562,144.5519562
2022-11-10,144.5519562,144.5519562,137.2982812,139.0108243,118854000,147.6424004,147.3372955
2022-11-11,147.3372955,147.6424004,142.0914166,143.5185434,93979700,147.9081313,145.9396973
2022-11-14,145.9396973,147.9081313,145.1031068,146.6188094,73374100,151.1658787,147.6719055
2022-11-15,147.6719055,151.1658787,146.2152686,149.8175063,89868300,147.504622,146.4416656
2022-11-16,146.4416656,147.504622,144.9653399,146.7763109,64218300,149.0891707,148.3411713
2022-11-17,148.3411713,149.0891707,143.8432929,144.1188724,80389400,150.2899562,148.9022064
2022-11-18,148.9022064,150.2899562,147.6030476,149.9061121,74829600,147.9967184,145.6739655
2022-11-21,145.6739655,147.9967184,145.3885491,147.7900412,58724100,148.0458946,147.8096771
2022-11-22,147.8096771,148.0458946,144.6109724,145.7920446,51804100,149.4336685,148.6856689
2022-11-23,148.6856689,149.4336685,146.9829627,147.0912272,58301400,146.530236,145.7723846
2022-11-25,145.7723846,146.530236,144.7980044,145.969225,35195900,144.3255746,141.9437714
2022-11-28,141.9437714,144.3255746,141.1170327,142.8492492,69246000,142.524459,138.9419098
2022-11-29,138.9419098,142.524459,138.1348597,142.012662,83763800,146.3727615,145.6936493
2022-11-30,145.6936493,146.3727615,138.3317099,139.1682854,111380900,146.7763035,145.9692383
2022-12-01,145.9692383,146.7763035,144.2960722,145.8708256,71250400,145.6641154,145.4771118
2022-12-02,145.4771118,145.6641154,143.3511995,143.6563194,65447400,148.5380189,144.3157349
2022-12-05,144.3157349,148.5380189,143.4693077,145.4377416,68826400,144.9751456,140.6544342
2022-12-06,140.6544342,144.9751456,139.6800541,144.7487799,64727200,141.1072013,138.7155609
2022-12-07,138.7155609,141.1072013,137.7903944,139.9458323,69721100,141.2548386,140.3985596
2022-12-08,140.3985596,141.2548386,138.8730351,140.1131432,62128300,143.2724894,139.9163055
2022-12-09,139.9163055,143.2724894,138.6761824,140.0934574,76097000,142.2193399,142.2095032
2022-12-12,142.2095032,142.2193399,138.8336314,140.4477465,70462700,147.6030338,143.174057
2022-12-13,143.174057,147.6030338,141.9634742,147.1404506,93886200,144.3453148,140.9497681
2022-12-14,140.9497681,144.3453148,138.9321196,143.0559925,82291200,139.5620119,134.3456573
2022-12-15,134.3456573,139.5620119,133.883074,138.8828996,98931900,135.4774803,132.3870392
2022-12-16,132.3870392,135.4774803,131.619351,134.5326403,160156900,133.066128,130.2807922
2022-12-19,130.2807922,133.066128,129.2473765,132.9775521,79592600,131.1469172,130.2119141
2022-12-20,130.2119141,131.1469172,127.8399475,129.316273,77432800,134.650746,133.3122101
2022-12-21,133.3122101,134.650746,130.6548268,130.8811925,85928000,132.4362327,130.1430054
2022-12-22,130.1430054,132.4362327,128.2434738,132.2295556,77852100,130.3299982,129.7788391
2022-12-23,129.7788391,130.3299982,127.5938764,128.8536728,63814900,129.3359386,127.9777145
2022-12-27,127.9777145,129.3359386,126.6883929,129.3064133,69007800,128.9619692,124.0507278
2022-12-28,124.0507278,128.9619692,123.8834127,127.6234333,85438400,128.4206332,127.5643692
2022-12-29,127.5643692,128.4206332,125.7140439,125.9699349,75703700,127.8989763,127.8792877
2022-12-30,127.8792877,127.8989763,125.4187531,126.3832889,77034200,128.8340031,123.0960236
2023-01-03,123.0960236,128.8340031,122.2102267,128.2237934,112117500,126.629356,124.365654
2023-01-04,124.365654,126.629356,123.1058575,124.8872878,89113600,125.7534109,123.046814
2023-01-05,123.046814,125.7534109,122.7909229,125.1235126,80962700,128.2336194,127.5741959
2023-01-06,127.5741959,128.2336194,122.9188539,124.0211796,87754700,131.3043976,128.0958405
2023-01-09,128.0958405,131.3043976,127.8399494,128.4107971,70790800,129.1883208,128.666687
2023-01-10,128.666687,129.1883208,126.09788,128.2041038,63896200,131.4028065,131.3831329
2023-01-11,131.3831329,131.4028065,128.4009566,129.1784814,69458900,132.1409884,131.3044128
2023-01-12,131.3044128,132.1409884,129.3655039,131.7669961,71379600,132.7905655,132.6330872
2023-01-13,132.6330872,132.7905655,129.5820232,129.9461788,57809700,135.1231635,133.7944794
2023-01-17,133.7944794,135.1231635,132.0130488,132.7019978,63646600,136.4223362,133.076004
2023-01-18,133.076004,136.4223362,132.8988371,134.6605942,69672800,134.0995841,133.1350555
2023-01-19,133.1350555,134.0995841,131.6587298,131.9638348,58280400,135.8416418,135.6940002
2023-01-20,135.6940002,135.8416418,132.101614,133.1448817,80223600,141.0580154,138.8828888
2023-01-23,138.8828888,141.0580154,135.723545,135.940074,81760300,140.9005028,140.2804413
2023-01-24,140.2804413,140.9005028,138.0856417,138.0954784,66435100,140.181998,139.6210022
2023-01-25,139.6210022,140.181998,136.6191378,138.6663107,65799300,141.9733131,141.6878967
2023-01-26,141.6878967,141.9733131,139.6603969,140.9103568,54105100,144.906255,143.62677
2023-01-27,143.62677,144.906255,140.8217608,140.9004999,70555800,143.2527519,140.7429962
2023-01-30,140.7429962,143.2527519,140.5953697,142.6720677,64015300,142.0618939,142.0126801
2023-01-31,142.0126801,142.0618939,140.0344091,140.4477785,65874500,144.296058,143.1346741
2023-02-01,143.1346741,144.296058,139.0895565,141.6977256,77663600,148.7939094,148.4396057
2023-02-02,148.4396057,148.7939094,145.8314218,146.549896,118339000,154.8960887,152.0615387
2023-02-03,152.0615387,154.8960887,145.4968126,145.693653,154357300,150.683623,149.3352356
2023-02-06,149.3352356,150.683623,148.4002325,150.1619893,69858300,152.7799999,152.2091522
2023-02-07,152.2091522,152.7799999,148.2624475,148.2624475,83322600,152.1402837,149.5222626
2023-02-08,149.5222626,152.1402837,148.7840997,151.4513347,64120100,151.8942128,148.4888153
2023-02-09,148.4888153,151.8942128,148.0459207,151.3528904,56007100,149.1788508,148.8535614
2023-02-10,148.8535614,149.1788508,147.0891293,147.3257075,57450700,152.0571183,151.6529846
2023-02-13,151.6529846,152.0571183,148.764818,148.7943884,62199000,151.5741356,151.0122681
2023-02-14,151.0122681,151.5741356,148.7056874,149.9476889,61707600,153.2794175,153.1118469
2023-02-15,153.1118469,153.2794175,150.6968366,150.9235479,65573800,154.097596,151.5150146
2023-02-16,151.5150146,154.097596,151.1601549,151.3178586,68167900,150.815153,150.371582
2023-02-17,150.371582,150.815153,148.6958611,150.174441,59144100,149.1393863,146.3596497
2023-02-21,146.3596497,149.1393863,146.2906571,148.0550887,58867200,147.8086808,146.7835388
2023-02-22,146.7835388,147.8086808,145.0585292,146.7441016,51011300,148.1931042,147.2665253
2023-02-23,147.2665253,148.1931042,145.137382,147.9466743,48394200,145.088101,144.6149597
2023-02-24,144.6149597,145.088101,143.6390917,145.0092416,55469600,147.0398126,145.807663
2023-02-27,145.807663,147.0398126,145.3443735,145.6006702,44998500,146.9511125,145.3049622
2023-02-28,145.3049622,146.9511125,144.7332429,144.9501024,50547000,145.1274734,143.2348938
2023-03-01,143.2348938,145.1274734,142.9391749,144.7331916,55479000,144.6149644,143.8263855
2023-03-02,143.8263855,144.6149644,141.845079,142.3182353,52238100,148.9521046,148.8732452
2023-03-03,148.8732452,148.9521046,145.2260854,145.9259379,70732300,154.0679992,151.6332703
2023-03-06,151.6332703,154.0679992,151.2685588,151.5938331,87558000,151.8304269,149.4351349
2023-03-07,149.4351349,151.8304269,148.9718454,151.5051375,56182000,151.2784344,150.6869965
2023-03-08,150.6869965,151.2784344,149.6618544,150.6278557,47204800,152.3331193,148.4395294
2023-03-09,148.4395294,152.3331193,148.0846697,151.3671182,53833600,148.7845533,146.3793945
2023-03-10,146.3793945,148.7845533,145.5021045,148.0649821,68572400,150.9531131,148.3212433
2023-03-13,148.3212433,150.9531131,145.5907955,145.6992253,84457100,151.2094109,150.4109802
2023-03-14,150.4109802,151.2094109,147.9565476,149.1196897,73695900,151.061549,150.8052673
2023-03-15,150.8052673,151.061549,147.7791005,149.0309688,77167900,154.2257404,153.6244507
2023-03-16,153.6244507,154.2257404,149.4745633,149.9871419,76161100,154.501687,152.7865295
2023-03-17,152.7865295,154.501687,152.0768103,153.8511085,98944600,155.5662982,155.1522827
2023-03-20,155.1522827,155.5662982,151.9486935,152.8555689,73641400,157.1237289,157.0054474
2023-03-21,157.0054474,157.1237289,154.3045697,155.073445,73938300,159.8246222,155.5761719
2023-03-22,155.5761719,159.8246222,155.5564533,157.0251813,75701800,159.2430424,156.6604462
2023-03-23,156.6604462,159.2430424,155.4282964,156.5618832,67622100,158.0503048,157.9615936
2023-03-24,157.9615936,158.0503048,155.5958722,156.5914437,59196500,158.4741618,156.0197144
2023-03-27,156.0197144,158.4741618,155.6155657,157.6560127,52390300,156.2267282,155.3987122
2023-03-28,155.3987122,156.2267282,153.752562,155.7141497,45992200,158.7501825,158.4741821
2023-03-29,158.4741821,158.7501825,157.0744618,157.0941653,51305700,160.1498879,160.0414581
2023-03-30,160.0414581,160.1498879,158.9670272,159.2233089,49501700,162.643744,162.545166
2023-03-31,162.545166,162.643744,159.5978739,160.1203041,68749800,163.9153244,163.7970428
2023-04-03,163.7970428,163.9153244,161.8748924,161.9241814,56976200,164.457483,163.2647705
2023-04-04,163.2647705,164.457483,162.752192,164.2209199,46278300,162.6930499,161.421463
2023-04-05,161.421463,162.6930499,159.4894607,162.3874792,51511700,162.6043279,162.308609
2023-04-06,162.308609,162.6043279,159.686591,160.1104433,45390100,159.716156,159.716156
2023-04-10,159.716156,159.716156,157.7940057,159.1148664,47716900,160.0414434,158.5037231
2023-04-11,158.5037231,160.0414434,158.217856,160.0315916,47644200,159.7457228,157.8137207
2023-04-12,157.8137207,159.7457228,157.4982832,158.9177219,50133100,163.4323484,163.1957703
2023-04-13,163.1957703,163.4323484,159.1148908,159.3218986,68445600,163.9449032,162.8507538
2023-04-14,162.8507538,163.9449032,161.480604,162.2395974,49386500,163.0281716,162.8704529
2023-04-17,162.8704529,163.0281716,161.6875923,162.7324527,41516200,165.0193371,164.0927582
2023-04-18,164.0927582,165.0193371,163.2844608,163.7280467,49923000,165.7586516,165.2362213
2023-04-19,165.2362213,165.7586516,163.1760554,163.4323522,47720200,165.4727667,164.2701874
2023-04-20,164.2701874,165.4727667,163.1957565,163.7181867,52456400,164.0730701,162.6634979
2023-04-21,162.6634979,164.0730701,162.1410676,162.6930683,58337300,163.2352037,162.9690552
2023-04-24,162.9690552,163.2352037,161.5496163,162.6437658,41949600,163.9350571,161.4313354
2023-04-25,161.4313354,163.9350571,161.3918982,162.8310558,48714100,162.9197613,161.421463
2023-04-26,161.421463,162.9197613,160.4751805,160.7314622,45498800,166.1529179,166.0050659
2023-04-27,166.0050659,166.1529179,162.8310471,162.8310471,64902300,167.4245131,167.2569275
2023-04-28,167.2569275,167.4245131,165.4826439,166.0839336,55275900,168.0159325,167.1682129
2023-05-01,167.1682129,168.0159325,166.2317821,166.8626422,52472900,167.9173747,166.1332092
2023-05-02,166.1332092,167.9173747,165.1474894,167.6610779,48425700,168.4792258,165.0587769
2023-05-03,165.0587769,168.4792258,164.7729247,167.0795054,65136000,164.6546198,163.4224701
2023-05-04,163.4224701,164.6546198,161.9636091,162.5353283,81235400,171.8109408,171.0913696
2023-05-05,171.0913696,171.8109408,168.3214847,168.5383443,113453200,171.3674079,171.0223999
2023-05-08,171.0223999,171.3674079,169.6522499,170.0169614,55962800,171.0618061,169.3170929
2023-05-09,169.3170929,171.0618061,169.1495223,170.578813,45326900,171.5448172,171.0815277
2023-05-10,171.0815277,171.5448172,169.4452292,170.5492456,53724500,172.0967844,171.2687836
2023-05-11,171.2687836,172.0967844,169.7113448,171.3673615,49514700,171.811702,170.3409576
2023-05-12,170.3409576,171.811702,168.7912298,171.377383,45533100,170.972671,169.8473969
2023-05-15,169.8473969,170.972671,169.255141,170.9233138,37266700,170.9035679,169.8473969
2023-05-16,169.8473969,170.9035679,169.5808802,169.7684284,42110300,170.6963172,170.4594269
2023-05-17,170.4594269,170.6963172,168.2187434,169.4920894,57951600,172.9764581,172.7889099
2023-05-18,172.7889099,172.9764581,170.3508133,170.7653864,65496700,174.1115995,172.8974915
2023-05-19,172.8974915,174.1115995,172.680332,174.1115995,55809500,172.4533275,171.9499054
2023-05-22,171.9499054,172.4533275,171.2095929,171.7327459,43570900,171.1404928,169.3439941
2023-05-23,169.3439941,171.1404928,169.067612,170.893722,50747300,170.1928867,169.6203766
2023-05-24,169.6203766,170.1928867,168.3174346,168.8800642,45143500,171.6537579,170.7555237
2023-05-25,170.7555237,171.6537579,169.4723125,170.1830136,56058300,173.4996059,173.1639862
2023-05-26,173.1639862,173.4996059,170.8739612,171.0812553,54835000,176.6780456,175.0098724
2023-05-30,175.0098724,176.6780456,174.2893058,174.6742677,55964400,177.0333757,174.960495
2023-05-31,174.960495,177.0333757,174.4768188,175.0394635,99625300,177.7934358,177.7638245
2023-06-01,177.7638245,177.7934358,174.6446377,175.404696,68901800,179.4319823,178.6127014
2023-06-02,178.6127014,179.4319823,176.9445284,178.6916699,61996900,182.5610229,177.2603912
2023-06-05,177.2603912,182.5610229,175.7402748,180.2709978,121946500,177.793437,176.8952026
2023-06-06,176.8952026,177.793437,175.1381805,177.6453805,64848400,178.8693591,175.5231476
2023-06-07,175.5231476,178.8693591,175.029606,176.1351344,61944600,178.5041267,178.2376251
2023-06-08,178.2376251,178.5041267,175.1677957,175.6020997,50214900,179.876174,178.6225891
2023-06-09,178.6225891,179.876174,178.2968498,179.1556074,48900000,181.5147452,181.4160309
2023-06-12,181.4160309,181.5147452,178.6324638,178.9285918,54274900,181.7713919,180.9422455
2023-06-13,180.9422455,181.7713919,180.0834878,180.4388384,54929100,182.0082631,181.5739441
2023-06-14,181.5739441,182.0082631,179.6688808,181.0014341,57462900,184.110783,183.6073608
2023-06-15,183.6073608,184.110783,181.4061693,181.5838521,65433200,184.5747027,182.5314331
2023-06-16,182.5314331,184.5747027,181.889835,184.3180514,101256200,183.6961866,182.6202545
2023-06-20,182.6202545,183.6961866,182.0280136,182.0280136,49799100,183.0151148,181.583847
2023-06-21,181.583847,183.0151148,180.2315327,182.5116927,49515700,184.6338909,184.5845337
2023-06-22,184.5845337,184.6338909,181.2975453,181.3666483,51245300,185.1373148,184.2686768
2023-06-23,184.2686768,185.1373148,182.6202497,183.153283,53117000,185.6209974,182.8769073
2023-06-26,182.8769073,185.6209974,182.8374156,184.4167547,48088700,185.9565986,185.6308594
2023-06-27,185.6308594,185.9565986,183.2717312,183.4888907,50730800,187.447079,186.805481
2023-06-28,186.805481,187.447079,185.1767998,185.502524,51216800,187.6149088,187.141098
2023-06-29,187.141098,187.6149088,186.4995,186.637691,46347300,191.9679303,191.4645233
2023-06-30,191.4645233,191.9679303,188.7895213,189.1547523,85213200,191.3757165,189.9740601
2023-07-03,189.9740601,191.3757165,189.2830897,191.2770022,31458200,190.4873085,188.8586273
2023-07-05,188.8586273,190.4873085,188.1577916,189.0955327,46920300,189.5397068,189.3324127
2023-07-06,189.3324127,189.5397068,186.7561251,187.3878577,45094300,190.1813423,188.217041
2023-07-07,188.217041,190.1813423,187.782737,188.9376227,46815000,187.5359314,186.1737518
2023-07-10,186.1737518,187.5359314,184.6240241,186.8153498,59922200,186.8548776,185.6506348
2023-07-11,185.6506348,186.8548776,184.1897557,186.7166866,46638100,189.22385,187.3187866
2023-07-12,187.3187866,189.22385,186.0355754,187.2299377,60750200,188.72044,188.0788269
2023-07-13,188.0788269,188.72044,187.3286491,188.0393502,41342300,188.7105593,188.2268982
2023-07-14,188.2268982,188.7105593,187.1805924,187.7728333,41616200,191.810038,191.4842987
2023-07-17,191.4842987,191.810038,189.3324492,189.4212831,50520200,191.8198713,191.2276154
2023-07-18,191.2276154,191.8198713,189.9345388,190.852534,48288200,195.6695165,192.5799561
2023-07-19,192.5799561,195.6695165,190.1615899,190.6057895,80507300,193.9322612,190.6354065
2023-07-20,190.6354065,193.9322612,190.0135392,192.5700814,59581200,192.4516153,189.4607544
2023-07-21,189.4607544,192.4516153,188.7599187,191.5928578,71951700,192.3923877,190.2602844
2023-07-24,190.2602844,192.3923877,189.7667428,190.9117629,45377800,191.9284645,191.1190491
2023-07-25,191.1190491,191.9284645,190.4280938,190.8328016,37283200,193.1129297,191.9876556
2023-07-26,191.9876556,193.1129297,190.8229049,191.1683749,47471900,194.652815,190.7242279
2023-07-27,190.7242279,194.652815,190.0628839,193.488064,47460200,194.0901915,193.3005219
2023-07-28,193.3005219,194.0901915,191.6323487,192.1555016,48291400,193.9519826,193.9124908
2023-07-31,193.9124908,193.9519826,192.7378594,193.527529,38824100,194.1888565,193.0833282
2023-08-01,193.0833282,194.1888565,192.757589,193.7051954,35175100,192.6588908,190.0924835
2023-08-02,190.0924835,192.6588908,189.371917,192.5206997,50389300,189.8851804,188.7006836
2023-08-03,188.7006836,189.8851804,188.2268879,189.0955259,61235200,184.9596602,179.6392822
2023-08-04,179.6392822,184.9596602,179.5701792,183.1236848,115956800,180.7645557,176.5398407
2023-08-07,176.5398407,180.7645557,175.0592159,179.7774725,97576100,177.9414846,177.4775543
2023-08-08,177.4775543,177.9414846,175.2862285,177.3689746,67823000,178.5929652,175.8883667
2023-08-09,175.8883667,178.5929652,174.7236006,178.5337426,60378500,178.4152628,175.6711731
2023-08-10,175.6711731,178.4152628,175.3059572,177.1616631,54686900,176.5508865,175.7304993
2023-08-11,175.7304993,176.5508865,174.5048729,175.2659576,52036700,177.6085113,177.3811798
2023-08-14,177.3811798,177.6085113,175.2560759,175.9084342,43675600,177.4008924,175.3944092
2023-08-15,175.3944092,177.4008924,174.9990488,176.8078518,43622600,176.4718088,174.5246429
2023-08-16,174.5246429,176.4718088,174.4554466,175.0781536,46964900,175.4537407,171.9844055
2023-08-17,171.9844055,175.4537407,171.4704249,175.0880315,66062900,173.0716539,172.4687195
2023-08-18,172.4687195,173.0716539,169.9680281,170.304086,61172200,174.0897497,173.8031006
2023-08-21,173.8031006,174.0897497,171.7274356,173.042031,46311900,175.6217709,175.1769867
2023-08-22,175.1769867,175.6217709,174.2083431,175.0089578,42038900,179.4469843,179.0219574
2023-08-23,179.0219574,179.4469843,176.2642825,176.452084,52722800,179.0021473,174.3368225
2023-08-24,174.3368225,179.0021473,173.9710983,178.5771206,54945800,177.0747384,176.5410004
2023-08-25,176.5410004,177.0747384,173.7833261,175.3252528,51449600,178.4980673,178.1027069
2023-08-28,178.1027069,178.4980673,176.481705,178.0038593,43820700,182.7581154,181.9871521
2023-08-29,181.9871521,182.7581154,177.4206749,177.6183551,53003900,185.6739679,185.4762726
2023-08-30,185.4762726,185.6739679,182.5999932,182.7976734,60813900,186.9292303,185.6937103
2023-08-31,185.6937103,186.9292303,185.3082287,185.6640591,60794500,187.7199828,187.2653198
2023-09-01,187.2653198,187.7199828,186.098981,187.2949711,45766500,187.7793035,187.5025482
2023-09-05,187.5025482,187.7793035,185.436762,186.098999,45280000,186.662393,180.7911987
2023-09-06,180.7911987,186.662393,179.3678771,186.2175937,81755800,176.1456228,175.5031433
2023-09-07,175.5031433,176.1456228,171.5297068,173.1507084,112488800,178.1521166,176.1159668
2023-09-08,176.1159668,178.1521166,175.7304851,176.2840108,65551300,178.2114317,177.2823181
2023-09-11,177.2823181,178.2114317,175.2857133,177.9841002,58953100,178.0433867,174.2577515
2023-09-12,174.2577515,178.0433867,172.7948999,177.4108011,90370200,175.2461729,172.1919708
2023-09-13,172.1919708,175.2461729,171.9646243,174.4653157,84267900,174.0600998,173.7042694
2023-09-14,173.7042694,174.0600998,171.5692868,171.9844198,60895800,174.4554573,172.9827118
2023-09-15,172.9827118,174.4554573,171.8065092,174.4356848,109259500,177.3020563,175.9083862
2023-09-18,175.9083862,177.3020563,174.1292345,174.435641,67257600,177.5491771,176.9956665
2023-09-19,176.9956665,177.5491771,175.078137,175.4636186,51826900,177.6183924,173.4571686
2023-09-20,173.4571686,177.6183924,173.3681997,177.1834869,58436200,174.2577479,171.9151917
2023-09-21,171.9151917,174.2577479,171.8460104,172.5280198,63149100,175.0287094,172.7652283
2023-09-22,172.7652283,175.0287094,172.0338101,172.6466232,56725400,174.9199881,174.0402985
2023-09-25,174.0402985,174.9199881,172.1326477,172.1820715,46172700,173.1705223,169.9680634
2023-09-26,169.9680634,173.1705223,169.6715355,172.7949344,64588900,171.0355316,168.4557648
2023-09-27,168.4557648,171.0355316,167.0917607,170.6203986,66921800,170.0372427,168.7127686
2023-09-28,168.7127686,170.0372427,165.6783235,167.3784006,56294400,171.0652158,169.2267609
2023-09-29,169.2267609,171.0652158,168.3668284,170.0273757,51861100,172.2809213,171.7372894
2023-10-02,171.7372894,172.2809213,168.9499489,169.236598,52164500,171.6187016,170.4029388
2023-10-03,170.4029388,171.6187016,168.8412546,170.2645612,49594600,172.1919778,171.6483459
2023-10-04,171.6483459,172.1919778,168.9895042,169.1081093,53020300,173.4175881,172.8838501
2023-10-05,172.8838501,173.4175881,170.6796715,171.7768139,48527900,175.9281986,175.4339905
2023-10-06,175.4339905,175.9281986,171.1739041,171.7867324,57266700,176.975898,176.9165955
2023-10-09,176.9165955,176.975898,173.7635458,174.7618406,42390800,177.6381426,176.3235474
2023-10-10,176.3235474,177.6381426,175.8886419,176.0369133,43698000,177.7666479,177.7172241
2023-10-11,177.7172241,177.7666479,175.5427116,176.1357523,47551100,180.2278228,178.6167145
2023-10-12,178.6167145,180.2278228,176.966046,177.9841287,56743100,179.8225527,176.778244
2023-10-13,176.778244,179.8225527,176.0764619,179.3184658,51427100,177.0055802,176.6497498
2023-10-16,176.6497498,177.0055802,174.4653433,174.7025686,52517000,176.3532238,175.0979309
2023-10-17,175.0979309,176.3532238,172.7751618,174.6037228,57549400,175.5229502,173.8031006
2023-10-18,173.8031006,175.5229502,173.081561,173.5461178,54764400,175.7799412,173.4275208
2023-10-19,173.4275208,175.7799412,173.1606441,174.0007889,59302900,173.3879661,170.8773956
2023-10-20,170.8773956,173.3879661,170.6401703,173.2792397,64244000,171.9942818,170.9959869
2023-10-23,170.9959869,171.9942818,167.9615422,168.9302009,55980100,171.6582244,171.4308929
2023-10-24,171.4308929,171.6582244,169.4639395,171.0454113,43816600,171.0552987,169.1180115
2023-10-25,169.1180115,171.0552987,168.6732121,169.8889749,57157000,169.3947658,164.9567719
2023-10-26,164.9567719,169.3947658,163.7509029,168.3964559,70625300,167.0027957,166.2713623
2023-10-27,166.2713623,167.0027957,164.8974645,164.9765396,58499100,169.1871939,168.3173828
2023-10-30,168.3173828,169.1871939,166.9138337,167.0621051,51131000,168.9203082,168.7918243
2023-10-31,168.7918243,168.9203082,165.9550598,167.3882753,44846000,172.2117405,171.9547577
2023-11-01,171.9547577,172.2117405,168.1493495,169.0191605,56934900,175.720651,175.513092
2023-11-02,175.513092,175.720651,173.427533,173.4868356,77334800,174.7717275,174.6036835
2023-11-03,174.6036835,174.7717275,171.3419227,172.2216123,79829200,177.3514735,177.1537933
2023-11-06,177.1537933,177.3514735,174.1687879,174.3368168,63841300,180.3266499,179.7138367
2023-11-07,179.7138367,180.3266499,176.8968445,177.1044035,70530000,181.324934,180.7714233
2023-11-08,180.7714233,181.324934,179.4864794,180.2376853,49340300,181.9871957,180.2970123
2023-11-09,180.2970123,181.9871957,179.7039565,180.8406443,53763500,184.6517248,184.4834595
2023-11-10,184.4834595,184.6517248,181.6429732,182.0784516,66133400,184.1172974,182.8999481
2023-11-13,182.8999481,184.1172974,182.3160179,183.909465,43627500,186.1759116,185.5128021
2023-11-14,185.5128021,186.1759116,184.3845239,185.7701234,60108400,187.5516205,186.0769348
2023-11-15,186.0769348,187.5516205,185.8493038,185.9185914,53790500,188.9966237,187.7594757
2023-11-16,187.7594757,188.9966237,186.7103616,187.6209157,54412900,188.4225932,187.7396851
2023-11-17,187.7396851,188.4225932,186.6312053,188.2939249,50922700,189.9368597,189.4815826
2023-11-20,189.4815826,189.9368597,187.9277326,187.9376244,46505100,189.5508734,188.6799164
2023-11-21,188.6799164,189.5508734,187.7891759,189.4420038,38134500,190.9463565,189.3430176
2023-11-22,189.3430176,190.9463565,188.867957,189.5211747,39617700,188.9372461,188.0168152
2023-11-24,188.0168152,188.9372461,187.3042167,188.9075557,24048300,188.7096106,187.8386536
2023-11-27,187.8386536,188.7096106,186.9578048,187.9673218,40552600,189.1153992,188.4423828
2023-11-28,188.4423828,189.1153992,187.4526644,187.8287622,38415400,190.1149935,187.4229584
2023-11-29,187.4229584,190.1149935,187.0270771,188.9372262,43014200,188.3631848,187.9969788
2023-11-30,187.9969788,188.3631848,186.2550801,187.8881091,48794400,189.5904294,189.2737274
2023-12-01,189.2737274,189.5904294,187.284384,188.3730802,45704800,188.0959506,187.4823151
2023-12-04,187.4823151,188.0959506,185.5226772,188.0266631,43389500,192.4012246,191.4313049
2023-12-05,191.4313049,192.4012246,188.2246123,188.2543178,66628400,192.7575516,190.3426514
2023-12-06,190.3426514,192.7575516,190.1348039,192.4507413,41089700,192.9950578,192.2725677
2023-12-07,192.2725677,192.9950578,191.5995515,191.6391487,47477700,193.9749044,193.6977844
2023-12-08,193.6977844,193.9749044,191.6787505,192.2033001,53406400,191.500612,191.1937866
2023-12-11,191.1937866,191.500612,189.4518877,191.1245142,60943700,192.7179606,192.7080688
2023-12-12,192.7080688,192.7179606,189.7488055,191.0948231,52696900,195.9642037,195.9246216
2023-12-13,195.9246216,195.9642037,192.8465974,193.0841201,70404200,197.5675588,196.0730896
2023-12-14,196.0730896,197.5675588,194.143142,195.9840186,66831600,196.3600881,195.5386353
2023-12-15,195.5386353,196.3600881,194.9744886,195.4990381,128538400,194.6083278,193.8759308
2023-12-18,193.8759308,194.6083278,192.3913532,194.0738714,55751900,194.9250224,194.9151306
2023-12-19,194.9151306,194.9250224,193.8759233,194.1431515,40714100,195.6475317,192.8268433
2023-12-20,192.8268433,195.6475317,192.8268433,194.8755526,52242800,195.0536931,192.67836
2023-12-21,192.67836,195.0536931,191.5104996,194.0837733,46482500,193.4008388,191.6094513
2023-12-22,191.6094513,193.4008388,190.985924,193.1731928,37149600,191.8964996,191.0651398
2023-12-26,191.0651398,191.8964996,190.8474005,191.6193797,28919300,191.5104546,191.1640472
2023-12-27,191.1640472,191.5104546,189.1252303,190.5108448,48087700,192.6585889,191.5896912
2023-12-28,191.5896912,192.6585889,191.183903,192.1439311,34049900,192.4012292,190.5504608
2023-12-29,190.5504608,192.4012292,189.7586832,191.90637,42672100,186.5025533,183.7313385
2024-01-02,183.7313385,186.5025533,181.9993312,185.225808,82488700,183.9688672,182.3556213
2024-01-03,182.3556213,183.9688672,181.544045,182.325931,58414500,181.2075026,180.0396423
2024-01-04,180.0396423,181.2075026,179.0202338,180.277165,71983600,180.880926,179.3171692
2024-01-05,179.3171692,180.880926,178.3175591,180.1188538,62379700,183.6917273,183.6521301
2024-01-08,183.6521301,183.6917273,179.6338761,180.2178063,59144500,183.2463419,183.2364502
2024-01-09,183.2364502,183.2463419,180.8512254,182.0289926,42841800,184.4834824,184.27565
2024-01-10,184.27565,184.4834824,182.0289853,182.454572,46792900,185.1268038,183.6818085
2024-01-11,183.6818085,185.1268038,181.7320623,184.6220378,49128400,184.8199991,184.0084229
2024-01-12,184.0084229,184.8199991,183.2859327,184.1469828,40477800,182.3654708,181.7419586
2024-01-16,181.7419586,182.3654708,179.0697074,180.2870717,65603000,181.0491721,180.8017426
2024-01-17,180.8017426,181.0491721,178.4462231,179.4062511,47317400,187.1953332,186.6905823
2024-01-18,186.6905823,187.1953332,183.9193678,184.1766891,78005800,189.9764284,189.5904388
2024-01-19,189.5904388,189.9764284,186.8786203,187.3833712,68903000,193.3216658,191.8964691
2024-01-22,191.8964691,193.3216658,190.2832236,190.3228207,60133900,193.7373798,193.173233
2024-01-23,193.173233,193.7373798,191.8371222,193.0148896,42355600,194.3608735,192.5001984
2024-01-24,192.5001984,194.3608735,192.3418398,193.4107373,53631300,194.2520137,192.1735992
2024-01-25,192.1735992,194.2520137,191.1245003,193.2128065,54822100,192.7575265,190.4415894
2024-01-26,190.4415894,192.7575265,189.9665288,192.2725742,44594000,190.2238511,189.7586823
2024-01-29,189.7586823,190.2238511,187.630794,190.0358022,47145600,189.8279634,186.1066132
2024-01-30,186.1066132,189.8279634,185.5424816,188.9768051,55859400,185.1762795,182.5040283
2024-01-31,182.5040283,185.1762795,182.4545545,185.1168837,55467800,185.0278375,184.9387665
2024-02-01,184.9387665,185.0278375,181.9300294,182.0982797,64885400,185.4039422,183.9391632
2024-02-02,183.9391632,185.4039422,177.407016,178.0107448,102551700,187.3041854,185.7503204
2024-02-05,185.7503204,187.3041854,183.9292424,186.2154892,69668800,187.3635752,187.3536835
2024-02-06,187.3536835,187.3635752,184.8496973,184.9387683,43490800,189.085677,187.4625397
2024-02-07,187.4625397,189.085677,186.670762,188.6798889,53439000,187.5912317,186.3837891
2024-02-08,186.3837891,187.5912317,185.4237609,187.44278,40962000,188.2765228,187.1468048
2024-02-09,187.1468048,188.2765228,186.3044647,186.9485965,45155200,186.9684234,185.4621277
2024-02-12,185.4621277,186.9684234,185.1053738,186.7206781,41781900,184.5306315,183.37117
2024-02-13,183.37117,184.5306315,181.8549699,184.0945973,56529500,183.8567404,182.4891815
2024-02-14,182.4891815,183.8567404,180.7946121,183.6486428,54630500,182.8261205,182.2017975
2024-02-15,182.2017975,182.8261205,179.7144402,181.8945957,65434500,183.1828876,180.6657867
2024-02-16,180.6657867,183.1828876,180.0315594,181.7657765,49752500,180.7847105,179.9225616
2024-02-20,179.9225616,180.7847105,178.3766332,180.1504831,53665600,181.2405564,180.675705
2024-02-21,180.675705,181.2405564,179.0306725,180.2991273,41371400,183.2919048,182.7072144
2024-02-22,182.7072144,183.2919048,180.8144516,181.8252416,52292200,183.3711632,180.8739014
2024-02-23,180.8739014,183.3711632,180.5865083,183.341435,45119700,181.111699,179.5261383
2024-02-26,179.5261383,181.111699,179.0207283,180.5963997,40867400,182.2612693,180.9829102
2024-02-27,180.9829102,182.2612693,177.9405905,179.4667101,54318900,181.4684785,179.7838135
2024-02-28,179.7838135,181.4684785,178.5054543,180.8639794,48953900,180.9234663,179.119873
2024-02-29,179.119873,180.9234663,177.9108746,179.6351876,136682600,178.9018216,178.0396729
2024-03-01,178.0396729,178.9018216,175.7802371,177.9306643,73563100,175.3045979,173.5208435
2024-03-04,173.5208435,175.3045979,172.2226452,174.5613618,81510100,170.4884215,168.5857391
2024-03-05,168.5857391,170.4884215,168.0902485,169.2199666,95132400,169.6956478,167.5947571
2024-03-06,167.5947571,169.6956478,167.1587229,169.5172633,68587700,169.1902234,167.4758301
2024-03-07,167.4758301,169.1902234,166.9704351,167.6244712,71765100,172.133447,169.1902313
2024-03-08,169.1902313,172.133447,167.4163815,167.4758379,76267000,172.8073209,171.1920166
2024-03-11,171.1920166,172.8073209,170.4983327,171.3803055,60139500,172.4604515,171.6676636
2024-03-12,171.6676636,172.4604515,169.4676842,171.5883833,59825400,171.6280585,169.5866394
2024-03-13,169.5866394,171.6280585,169.219966,171.2118482,52488700,172.737926,171.439743
2024-03-14,171.439743,172.737926,170.498314,171.3505584,72913500,171.0631866,171.0631866
2024-03-15,171.0631866,171.0631866,168.7541984,169.6262668,121752700,176.1072642,172.153244
2024-03-18,172.153244,176.1072642,171.9550508,173.9865652,75604200,175.0171774,174.4919586
2024-03-19,174.4919586,175.0171774,171.4694632,172.767646,55215200,177.0586243,177.0586243
2024-03-20,177.0586243,177.0586243,173.5109095,174.1352325,53423100,175.889263,169.8244476
2024-03-21,169.8244476,175.889263,169.2992288,175.4532289,106181300,171.4893018,170.7262421
2024-03-22,170.7262421,171.4893018,168.5262626,170.2109276,71160100,170.3893089,169.3091431
2024-03-25,169.3091431,170.3893089,167.9217603,169.0316695,54288300,169.8740283,168.1794586
2024-03-26,168.1794586,169.8740283,168.0506262,168.4668366,57388400,172.0343413,171.7469482
2024-03-27,171.7469482,172.0343413,168.5758114,168.8731088,60273300,170.6766923,169.9334564
2024-03-28,169.9334564,170.6766923,168.9722034,170.2010256,65672700,169.7055192,168.496521
2024-04-01,168.496521,169.7055192,167.9514783,169.6460627,46240500,167.8127819,167.3172913
2024-04-02,167.3172913,167.8127819,166.712792,167.5551322,49329500,169.1406741,168.1199646
2024-04-03,168.1199646,169.1406741,167.0596225,167.2677201,47691700,170.369472,167.2974396
2024-04-04,167.2974396,170.369472,167.2974396,168.7541679,53704400,168.8532905,168.0505981
2024-04-05,168.0505981,168.8532905,167.4262751,168.0605025,42104800,167.6740221,166.9307861
2024-04-08,166.9307861,167.6740221,166.7226885,167.5055571,37425500,168.5460917,168.1397858
2024-04-09,168.1397858,168.5460917,166.8316984,167.1785328,42373800,167.5649981,166.2668152
2024-04-10,166.2668152,167.5649981,165.6028596,167.2776202,49709300,173.8775749,173.4613495
2024-04-11,173.4613495,173.8775749,166.6434088,166.8217782,91070300,176.7514221,174.9577484
2024-04-12,174.9577484,176.7514221,172.6388558,172.6883928,101670900,175.0370372,171.1325684
2024-04-15,171.1325684,175.0370372,170.9442795,173.7784867,73531800,172.1928891,167.8524017
2024-04-16,167.8524017,172.1928891,166.752412,170.2010224,73711200,169.1109423,166.484848
2024-04-17,166.484848,169.1109423,166.484848,168.0803284,50901200,167.1190844,165.5335083
2024-04-18,165.5335083,167.1190844,165.0479371,166.5145852,43122900,164.8992849,163.5119171
2024-04-19,163.5119171,164.8992849,162.6002161,164.7110112,68149400,165.751506,164.3443146
2024-04-22,164.3443146,165.751506,163.2839726,164.0272085,48116400,165.5434317,165.3947754
2024-04-23,165.3947754,165.5434317,163.4326366,163.8587664,49537800,167.7731401,167.4956665
2024-04-24,167.4956665,167.7731401,164.7110114,165.0380219,48251800,169.0713111,168.3578033
2024-04-25,168.3578033,169.0713111,166.6334905,168.0010495,50558300,169.794712,167.7731171
2024-04-26,167.7731171,169.794712,167.654189,168.347888,44838400,174.4424385,171.935257
2024-04-29,171.935257,174.4424385,171.5388705,171.8064245,68169400,173.4118148,168.7938385
2024-04-30,168.7938385,173.4118148,168.4668129,171.7667823,65934800,171.1523665,167.7731171
2024-05-01,167.7731171,171.1523665,167.5848282,168.0505906,50383100,171.8559645,171.4694824
2024-05-02,171.4694824,171.8559645,169.3487832,170.9541679,94214900,185.3134668,181.72612
2024-05-03,181.72612,185.3134668,181.0126124,184.9666173,163224100,182.5387464,180.0712128
2024-05-06,180.0712128,182.5387464,178.7928385,180.7054402,78569700,183.2324275,180.7549744
2024-05-07,180.7549744,183.2324275,179.6847279,181.7955077,77305800,181.4189446,181.0919189
2024-05-08,181.0919189,181.4189446,179.8135447,181.2009275,45057100,182.9946107,182.905426
2024-05-09,182.905426,182.9946107,180.4676054,180.9135439,48983000,183.6694785,181.6451416
2024-05-10,181.6451416,183.6694785,180.7322042,183.4809342,50759500,185.6640711,184.8503571
2024-05-13,184.8503571,185.6640711,183.2030934,184.0168074,72044800,186.85488,185.9915466
2024-05-14,185.9915466,186.85488,184.8602963,186.0709345,52393600,189.1868324,188.2639771
2024-05-15,188.2639771,189.1868324,185.9320063,186.4678705,70400000,189.633381,188.3830414
2024-05-16,188.3830414,189.633381,188.2044301,189.0082112,52845200,189.3455995,188.4128113
2024-05-17,188.4128113,189.3455995,187.7281044,188.0555735,41282900,190.4470731,189.573822
2024-05-20,189.573822,190.4470731,187.5594028,187.8769542,44361300,191.2508526,190.8737793
2024-05-21,190.8737793,191.2508526,189.4547462,189.6234397,42309400,191.3401686,189.4348907
2024-05-22,189.4348907,191.3401686,188.8097361,190.7943867,34648500,189.5341615,185.4457855
2024-05-23,185.4457855,189.5341615,185.1977042,189.5143108,51005900,189.1173433,188.5219421
2024-05-24,188.5219421,189.1173433,186.5968288,187.3708564,36327000,191.5188001,188.5319061
2024-05-28,188.5319061,191.5188001,187.6487371,190.0402298,52280100,190.7745543,188.8295898
2024-05-29,188.8295898,190.7745543,188.0555773,188.1548159,53068000,190.7050683,189.8218994
2024-05-30,189.8218994,190.7050683,189.1669762,189.2959682,49889100,191.0921028,190.7745514
2024-05-31,190.7745514,191.0921028,188.4525137,189.9707703,75158300,193.4935326,192.5408936
2024-06-03,192.5408936,193.4935326,191.0424877,191.419561,50080500,193.821001,192.8584442
2024-06-04,192.8584442,193.821001,191.5485674,193.1462119,47471400,195.3888388,194.366745
2024-06-05,194.366745,195.3888388,193.3744197,193.9003509,54156800,194.9919436,192.987442
2024-06-06,192.987442,194.9919436,192.6798236,194.1881624,41181800,195.4285713,195.378952
2024-06-07,195.378952,195.4285713,192.6500571,193.1561376,53103900,195.7857909,191.6378632
2024-06-10,191.6378632,195.7857909,190.6753064,195.3888517,97010200,205.5701136,205.5601807
2024-06-11,205.5601807,205.5701136,192.1439535,192.1637891,172373300,218.5100539,211.4347839
2024-06-12,211.4347839,218.5100539,205.3121228,205.7785169,198134300,215.0864951,212.5957642
2024-06-13,212.5957642,215.0864951,209.9760261,213.0919268,97862700,213.5186626,210.8592377
2024-06-14,210.8592377,213.5186626,209.678368,212.2088009,70122700,217.2696264,215.0071259
2024-06-17,215.0071259,217.2696264,211.0874439,211.7324493,93728300,216.9521047,212.645401
2024-06-18,212.645401,216.9521047,211.3653079,215.9200778,79943300,212.5957865,208.0707703
2024-06-20,208.0707703,212.5957865,207.2471536,212.288153,86172500,210.2638083,205.897583
2024-06-21,205.897583,210.2638083,205.5204945,208.7753203,241805100,211.0676194,206.5426178
2024-06-24,206.5426178,211.0676194,205.0045103,206.1258429,80727000,209.7577385,207.4654694
2024-06-25,207.4654694,209.7577385,207.008993,207.5448421,55549700,213.2110172,211.6133728
2024-06-26,211.6133728,213.2110172,209.0234031,209.8768035,66213200,214.084261,212.4568481
2024-06-27,212.4568481,214.084261,210.7202789,213.0423164,49772700,214.4117404,209.0035553
2024-06-28,209.0035553,214.4117404,208.6860191,214.1140398,82542700,215.8406791,215.0865173
2024-07-01,215.0865173,215.8406791,210.2935841,210.4622776,60402900,218.6886547,218.5794983
2024-07-02,218.5794983,218.6886547,213.4491783,214.4911078,58046200,219.8496704,219.8496704
2024-07-03,219.8496704,219.8496704,217.3490064,218.3115632,37369800,224.7120464,224.60289
2024-07-05,224.60289,224.7120464,219.9488822,219.9488822,60412400,226.1013475,226.071579
2024-07-08,226.071579,226.1013475,221.5366447,225.3471705,59085900,227.6394327,226.9249573
2024-07-09,226.9249573,227.6394327,224.6326881,226.1807133,48076100,231.2911789,231.1919403
2024-07-10,231.1919403,231.2911789,227.4905712,227.5401905,62627700,230.6064866,225.8234863
2024-07-11,225.8234863,230.6064866,224.0372977,229.6141613,64710600,230.8545495,228.7706604
2024-07-12,228.7706604,230.8545495,226.9249348,227.1630983,53046500,235.409357,232.6010742
2024-07-15,232.6010742,235.409357,231.3011303,234.6651129,62631300,234.4567062,233.0178375
2024-07-16,233.0178375,234.4567062,230.546942,233.1964488,43234300,229.6836141,227.1234131
2024-07-17,227.1234131,229.6836141,224.900599,227.6890306,57345900,228.6714699,222.4595032
2024-07-18,222.4595032,228.6714699,220.5641731,228.5126942,66034600,225.0593812,222.5884857
2024-07-19,222.5884857,225.0593812,221.5663919,223.0945813,49151500,226.0318552,222.2411804
2024-07-22,222.2411804,226.0318552,221.3778471,225.2677605,48201800,225.1983381,223.2831421
2024-07-23,223.2831421,225.1983381,220.971022,222.6480544,39960300,223.0747599,216.862793
2024-07-24,216.862793,223.0747599,215.4636256,222.2808965,61777600,219.1550449,215.8208313
2024-07-25,215.8208313,219.1550449,212.9728474,217.249767,51391200,217.805488,216.2872314
2024-07-26,216.2872314,217.805488,214.352185,217.0215425,41601300,217.6169411,216.5650787
2024-07-29,216.5650787,217.6169411,214.0941833,215.2949036,36311800,218.6390298,217.1207733
2024-07-30,217.1207733,218.6390298,214.4613337,217.5077796,41643800,222.1022772,220.3756256
2024-07-31,220.3756256,222.1022772,218.9367568,219.740538,50036300,222.7571845,216.6841583
2024-08-01,216.6841583,222.7571845,215.354446,222.6480281,62501000,223.8686062,218.1726532
2024-08-02,218.1726532,223.8686062,216.0391597,217.4680955,105568600,211.8614726,207.6639404
2024-08-05,207.6639404,211.8614726,194.4957781,197.56206,119548600,208.3783997,205.6395721
2024-08-06,205.6395721,208.3783997,199.5268597,203.7243915,69660500,212.0003763,208.2097015
2024-08-07,208.2097015,212.0003763,204.8060179,205.3120983,63516400,212.5560969,211.6729279
2024-08-08,211.6729279,212.5560969,207.2273143,211.4744658,47161100,215.1162934,214.5804443
2024-08-09,214.5804443,215.1162934,210.3432107,210.4722179,42201600,218.0774716,216.1103973
2024-08-12,216.1103973,218.0774716,214.1929998,214.6599338,38028100,220.4419378,219.8259888
2024-08-13,219.8259888,220.4419378,217.5807279,217.5807279,44155300,221.5745045,220.273056
2024-08-14,220.273056,221.5745045,218.2662343,219.130567,41960600,223.8793419,223.2534485
2024-08-15,223.2534485,223.8793419,221.306233,223.1342365,46414000,225.3496918,224.5747833
2024-08-16,224.5747833,225.3496918,222.1904368,222.458679,44340200,224.515186,224.4158325
2024-08-19,224.4158325,224.515186,221.5844257,224.2469438,40687800,225.6874805,225.0317841
2024-08-20,225.0317841,225.6874805,223.9787041,224.296623,30299000,226.4921913,224.9225006
2024-08-21,224.9225006,226.4921913,223.5813198,225.0417278,34765500,226.849846,223.0647125
2024-08-22,223.0647125,226.849846,222.4388191,226.3034323,43695300,226.7306333,225.3596344
2024-08-23,225.3596344,226.7306333,222.8660202,224.1873424,38677300,225.7967411,225.6973877
2024-08-26,225.6973877,225.7967411,222.4288653,225.2801305,30602200,227.3565107,226.5418549
2024-08-27,226.5418549,227.3565107,223.4223474,224.525104,35934600,228.3599194,225.0119171
2024-08-28,225.0119171,228.3599194,224.2071905,226.4325776,38052200,231.3999686,228.29039
2024-08-29,228.29039,231.3999686,227.3863402,228.5983797,51906300,228.8963964,227.5055389
2024-08-30,227.5055389,228.8963964,225.9954543,228.6877754,52990800,227.5055467,221.3162079
2024-09-03,221.3162079,227.5055467,219.7266434,227.0584864,50190600,220.3326607,219.4087372
2024-09-04,219.4087372,220.3326607,216.0607195,220.2134487,43840200,224.0085016,220.9287415
2024-09-05,220.9287415,224.0085016,220.0743533,220.183636,36615400,223.77009,219.3789368
2024-09-06,219.3789368,223.77009,218.335786,222.4885001,48423000,219.8259892,219.468338
2024-09-09,219.468338,219.8259892,215.2957504,219.378929,67180000,220.0346079,218.6735535
2024-09-10,218.6735535,220.0346079,215.3156066,217.491317,51591000,221.6340957,221.2069092
2024-09-11,221.2069092,221.6340957,216.4680343,220.0147435,44587100,222.0911164,221.3162079
2024-09-12,221.3162079,222.0911164,218.3854626,221.0479657,37455600,222.5778863,221.0479431
2024-09-13,221.0479431,222.5778863,220.4617972,222.1208967,36766600,215.8024152,214.9082947
2024-09-16,214.9082947,215.8024152,212.5239481,215.126845,59357400,215.4845116,215.3752289
2024-09-17,215.3752289,215.4845116,213.10018,214.3420226,45519300,221.2565928,219.2497711
2024-09-18,219.2497711,221.2565928,216.120319,216.1302635,59894900,228.320201,227.3763885
2024-09-19,227.3763885,228.320201,223.1640685,223.5217198,66781300,231.5688414,226.7107544
2024-09-20,226.7107544,231.5688414,226.1345377,228.4692075,318679900,227.9525829,224.9920349
2024-09-23,224.9920349,227.9525829,224.3363385,225.8563524,54146000,227.8532434,225.8861542
2024-09-24,225.8861542,227.8532434,224.2568576,227.1577995,43556100,225.8067098,224.8927155
2024-09-25,224.8927155,225.8067098,222.5580605,223.4621104,42308700,227.0088023,226.035202
2024-09-26,226.035202,227.0088023,223.9389713,225.8166365,36636700,228.0221418,226.303421
2024-09-27,226.303421,228.0221418,225.8166285,226.9690619,34026000,231.4794464,231.4794464
2024-09-30,231.4794464,231.4794464,228.1513024,228.5387566,54541900,228.1512716,224.7337341
2024-10-01,224.7337341,228.1512716,222.2798524,228.0221303,63285000,225.8861796,225.3000336
2024-10-02,225.3000336,225.8861796,221.5645768,224.4158423,32880600,225.3298253,224.1972656
2024-10-03,224.1972656,225.3298253,221.8626109,223.6707256,34044200,226.5120663,225.3199005
2024-10-04,225.3199005,226.5120663,222.6673268,226.4127128,37245100,224.2171517,220.2432556
2024-10-07,220.2432556,224.2171517,219.8856044,223.0349152,39505400,224.5052519,224.2966309
2024-10-08,224.2966309,224.5052519,221.7930721,222.8362229,31855700,228.2506436,228.0420074
2024-10-09,228.0420074,228.2506436,223.3627536,223.7601371,33591100,228.0022775,227.5452728
2024-10-10,227.5452728,228.0022775,225.6874813,226.2935011,28183500,227.9128646,226.0650024
2024-10-11,226.0650024,227.9128646,225.8563662,227.8035819,31759200,230.2177444,229.7905579
2024-10-14,229.7905579,230.2177444,227.1081809,227.2075192,39882100,235.9401275,232.3238831
2024-10-15,232.3238831,235.9401275,230.8535307,232.0854439,64751400,230.6051725,230.267395
2024-10-16,230.267395,230.6051725,228.3400531,230.088577,34082200,232.3238971,230.6349792
2024-10-17,230.6349792,232.3238971,229.015627,231.9066247,32993800,234.6386769,233.4663849
2024-10-18,233.4663849,234.6386769,232.4828402,234.6386769,46431500,235.3043022,234.9367065
2024-10-21,234.9367065,235.3043022,232.9199557,232.9199557,36254500,234.6784062,234.320755
2024-10-22,234.320755,234.6784062,231.0820355,232.3636102,38846600,233.6054643,229.2540436
2024-10-23,229.2540436,233.6054643,226.2736217,232.5523844,52287000,229.3136761,229.0653076
2024-10-24,229.0653076,229.3136761,226.9194001,228.4791464,31109500,231.6980116,229.899826
2024-10-25,229.899826,231.6980116,228.0718375,228.2407263,38802300,233.198138,231.8768158
2024-10-28,231.8768158,233.198138,231.032372,231.7973512,36087100,232.8007465,232.14505
2024-10-29,232.14505,232.8007465,230.8038693,231.5787778,35417200,231.9463759,228.5983734
2024-10-30,228.5983734,231.9463759,228.0519597,231.0919877,47070900,228.3301465,224.43573
2024-10-31,224.43573,228.3301465,223.8992455,227.8433388,64370100,223.8793553,221.4552765
2024-11-01,221.4552765,223.8793553,218.8325059,219.5279346,65276700,221.3360504,220.561142
2024-11-04,220.561142,221.3360504,218.2761641,219.5478095,44944500,222.488482,221.991745
2024-11-05,221.991745,222.488482,219.6968227,220.3525191,28111300,224.5946692,221.2665253
2024-11-06,221.2665253,224.5946692,219.7465113,221.1572425,54561100,226.3928516,225.9954529
2024-11-07,225.9954529,226.3928516,223.1044552,223.1640612,42137700,227.4176895,225.7269287
2024-11-08,225.7269287,227.4176895,225.1799138,225.9357793,38328800,224.4737486,223.011734
2024-11-11,223.011734,224.4737486,220.2965706,223.7775548,42005600,224.3643456,223.011734
2024-11-12,223.011734,224.3643456,222.1464657,223.3300027,40398300,225.4185979,223.8969116
2024-11-13,223.8969116,225.4185979,221.549733,222.7929417,48566200,227.6265192,226.9800568
2024-11-14,226.9800568,227.6265192,223.7775502,223.7974458,44923900,225.687124,223.7775574
2024-11-15,223.7775574,225.687124,223.0515278,225.169945,47923700,228.4918302,226.7811737
2024-11-18,226.7811737,228.4918302,223.9466517,224.0262188,44633700,228.9095399,227.0397491
2024-11-19,227.0397491,228.9095399,225.4285555,225.746809,36211800,228.6807841,227.7558441
2024-11-20,227.7558441,228.6807841,224.6627401,226.8209487,35169600,228.9095469,227.2784576
2024-11-21,227.2784576,228.9095469,224.4837268,227.6365024,42108300,229.4664817,228.6210938
2024-11-22,228.6210938,229.4664817,226.82093,226.82093,38168300,231.9827529,231.6048126
2024-11-25,231.6048126,231.9827529,228.4918282,230.2024847,90152800,234.2901674,233.7829285
2024-11-26,233.7829285,234.2901674,232.0623317,232.0623317,45986200,234.4094908,233.6536102
2024-11-27,233.6536102,234.4094908,232.5397001,233.1961179,33498400,236.5179763,236.0405884
2024-11-29,236.0405884,236.5179763,232.6988426,233.5342753,28481400,239.4817616,238.2882843
2024-12-02,238.2882843,239.4817616,235.871494,235.9808969,48137100,241.441068,241.331665
2024-12-03,241.331665,241.441068,237.602039,238.5070985,38861000,242.7837423,241.6897125
2024-12-04,241.6897125,242.7837423,239.9392801,241.5504738,44383900,243.2113939,241.7195435
2024-12-05,241.7195435,243.2113939,240.8144991,242.6643942,40033900,243.3009286,241.5206451
2024-12-06,241.5206451,243.3009286,240.7647797,241.5902721,36870600,245.8967366,245.4093933
2024-12-09,245.4093933,245.8967366,240.4365586,240.5161258,44649200,246.8614552,246.4238434
2024-12-10,246.4238434,246.8614552,244.0070379,245.5486197,36914800,249.4373991,245.1508179
2024-12-11,245.1508179,249.4373991,244.9220565,246.6128325,45205800,247.3885845,246.6128235
2024-12-12,246.6128235,247.3885845,244.3451969,245.5486296,32777500,247.9355923,246.7819061
2024-12-13,246.7819061,247.9355923,244.9021752,246.4735928,33155300,250.014266,249.6761017
2024-12-16,249.6761017,250.014266,246.30452,246.6426844,51694800,252.4509335,252.102829
2024-12-17,252.102829,252.4509335,248.4229343,248.7213074,51356400,252.8984793,246.7023315
2024-12-18,246.7023315,252.8984793,246.3940182,250.7900023,56774100,250.6308917,248.4328918
2024-12-19,248.4328918,250.6308917,245.7475639,246.15534,60882300,253.6145693,253.1073456
2024-12-20,253.1073456,253.6145693,244.3551535,246.6923767,147495300,254.2610428,253.8831177
2024-12-23,253.8831177,254.2610428,252.0729985,253.3858342,40858800,256.8071052,256.7971802
2024-12-24,256.7971802,256.8071052,253.9029717,254.1018973,23234700,258.6868813,257.6127319
2024-12-26,257.6127319,258.6868813,256.2302996,256.7872547,27237100,257.2944893,254.2013702
2024-12-27,254.2013702,257.2944893,251.685117,256.4291906,42355300,252.1227283,250.8297882
2024-12-30,250.8297882,252.1227283,249.3876691,250.859624,35557500,251.9039257,249.0594635
2024-12-31,249.0594635,251.9039257,248.0748367,251.0684931,39480700,247.7466383,242.5251617
2025-01-02,242.5251617,247.7466383,240.506192,247.5775486,55740700,242.8533636,242.0378265
2025-01-03,242.0378265,242.8533636,240.5758118,242.0378265,40244100,245.9862423,243.6688995
2025-01-06,243.6688995,245.9862423,241.878676,242.9826459,45045600,244.2159081,240.8940582
2025-01-07,240.8940582,244.2159081,240.0387301,241.6598638,40856000,242.3859311,241.3814087
2025-01-08,241.3814087,242.3859311,238.7458122,240.6056476,37628900,238.8552163,235.5632019
2025-01-10,235.5632019,238.8552163,231.7341129,238.7060221,61710900,233.395048,233.1265106
2025-01-13,233.1265106,233.395048,228.4719441,232.2612421,49630700,234.8371551,232.0125885
2025-01-14,232.0125885,234.8371551,231.2069917,233.4746032,39435300,237.6617262,236.5776367
2025-01-15,236.5776367,237.6617262,233.156324,233.3651897,39832000,236.7168797,227.0198517
2025-01-16,227.0198517,236.7168797,226.7911055,236.060477,71759100,231.0279619,228.7305145
2025-01-17,228.7305145,231.0279619,227.238664,230.8588873,68488300,223.200702,221.4303741
2025-01-21,221.4303741,223.200702,218.1880915,222.7829857,98070400,222.9023399,222.6139221
2025-01-22,222.6139221,222.9023399,218.5958631,218.5958631,64126500,225.7965561,222.44487
2025-01-23,222.44487,225.7965561,221.0922582,223.5190042,60234800,224.4041478,221.5696259
2025-01-24,221.5696259,224.4041478,220.207074,223.5587598,54697900,230.8887273,228.6111755
2025-01-27,228.6111755,230.8887273,222.7631166,222.8029078,94863400,238.8850526,236.9655304
2025-01-28,236.9655304,238.8850526,229.5560092,229.5958004,75707600,238.5568233,238.0595398
2025-01-29,238.0595398,238.5568233,232.7386007,232.8480036,45486100,239.4817596,236.2991486
2025-01-30,236.2991486,239.4817596,235.9212235,237.3732826,55658300,245.8470107,234.717804
2025-01-31,234.717804,245.8470107,232.171715,245.8470107,100959800,230.5704473,226.7711945
2025-02-03,226.7711945,230.5704473,224.4737473,228.7404479,73063300,231.8633957,231.5351868
2025-02-04,231.5351868,231.8633957,225.418591,226.0153372,45067300,231.4058958,231.2069855
2025-02-05,231.2069855,231.4058958,227.0298072,227.2883892,39620300,232.5297773,231.9529266
2025-02-06,231.9529266,232.5297773,229.1780761,230.0334044,29925300,232.7286823,226.3932953
2025-02-07,226.3932953,232.7286823,226.0252952,231.3362946,39707200,229.5893537,226.6621094
2025-02-10,226.6621094,229.5893537,226.2140652,228.5737909,33115600,234.2092091,231.6105347
2025-02-11,231.6105347,234.2092091,227.1400289,227.2097172,53718400,235.931723,235.8421021
2025-02-12,235.8421021,235.931723,229.678961,230.1967087,45243300,241.2883551,240.4818726
2025-02-13,240.4818726,241.2883551,234.5477447,235.881926,53614100,244.4844487,243.5385742
2025-02-14,243.5385742,244.4844487,239.9442391,240.2031053,40896200,244.1160291,243.4091187
2025-02-18,243.4091187,244.1160291,240.7905267,243.0905,48822500,244.94241,243.8073578
2025-02-19,243.8073578,244.94241,242.104787,243.5982776,32204200,245.7090885,244.7632141
2025-02-20,244.7632141,245.7090885,243.2298885,243.8770769,32316900,247.6108094,244.484436
2025-02-21,244.484436,247.6108094,244.1558663,244.8826942,53197400,247.7800669,246.02771
2025-02-24,246.02771,247.7800669,243.359332,243.8671134,51326400,248.9151182,245.9679565
2025-02-25,245.9679565,248.9151182,243.8472101,246.9237973,48013300,243.9169022,239.3169556
2025-02-26,239.3169556,243.9169022,238.0922974,243.2697289,44433600,241.4078448,236.2702332
2025-02-27,236.2702332,241.4078448,236.0312692,238.3710774,41153600,241.0394425,240.7905273
2025-02-28,240.7905273,241.0394425,229.2010399,235.9217482,56833400,242.9710334,236.9970703
2025-03-03,236.9970703,242.9710334,235.085404,240.7407484,47184000,239.0282227,234.9061737
2025-03-04,234.9061737,239.0282227,233.6615981,236.6784634,53798100,235.5234931,234.7170105
2025-03-05,234.7170105,235.5234931,228.235251,234.3983918,47227600,236.827812,234.3087921
2025-03-06,234.3087921,236.827812,232.1482106,233.4226549,45170400,240.3225692,238.0325623
2025-03-07,238.0325623,240.3225692,233.7412528,234.08974,46273600,235.1351846,226.4928436
2025-03-10,226.4928436,235.1351846,223.2469959,234.5178647,72071200,224.8599707,219.8816681
2025-03-11,219.8816681,224.8599707,216.5063795,222.8387811,76137400,220.7877423,216.0384369
2025-03-12,216.0384369,220.7877423,213.9774273,219.1847281,62547500,215.8990132,208.7700806
2025-03-13,208.7700806,215.8990132,207.5155538,215.012876,61368300,213.0215634,212.5635681
2025-03-14,212.5635681,213.0215634,208.6705319,210.3332831,60107600,214.2860725,213.0713654
2025-03-17,213.0713654,214.2860725,209.0588544,212.3843571,48073400,214.2163605,211.7670441
2025-03-18,211.7670441,214.2163605,210.5722545,213.2306663,42432400,217.8106832,214.3059692
2025-03-19,214.3059692,217.8106832,212.8224296,213.2903913,54385400,216.5462021,213.1709137
2025-03-20,213.1709137,216.5462021,211.2990671,213.0613904,48862900,217.8903488,217.3228302
2025-03-21,217.3228302,217.8903488,210.3631576,210.6419413,94127800,220.5188859,219.7721405
2025-03-24,219.7721405,220.5188859,217.6314765,220.0409731,44299500,223.1275247,222.7790375
2025-03-25,222.7790375,223.1275247,219.1249653,219.8119734,34493600,224.0435251,220.5686646
2025-03-26,220.5686646,224.0435251,219.5132669,222.540068,34466100,224.0136841,222.8786316
2025-03-27,222.8786316,224.0136841,219.6028997,220.4292998,37094800,222.8387637,216.9544067
2025-03-28,216.9544067,222.8387637,216.7353602,220.7080509,39818600,224.6409222,221.1660767
2025-03-31,221.1660767,224.6409222,215.2916705,216.0682845,65299300,222.70933,222.2214661
2025-04-01,222.2214661,222.70933,217.9500741,218.8561288,36412700,224.2127882,222.9184265
2025-04-02,222.9184265,224.2127882,220.0608858,220.359587,35905900,206.5896012,202.3082581
2025-04-03,202.3082581,206.5896012,200.3766743,204.6480511,103419000,199.0126263,187.5625305
2025-04-04,187.5625305,199.0126263,186.5270351,193.0486144,125910900,193.3074807,180.6725616
2025-04-07,180.6725616,193.3074807,173.8622323,176.4310382,160466300,189.514018,171.6717834
2025-04-08,171.6717834,189.514018,168.4757217,185.8898143,120859500,199.739448,197.9870911
2025-04-09,197.9870911,199.739448,171.144078,171.2038152,184395900,193.9347386,189.5936584
2025-04-10,189.5936584,193.9347386,182.2058598,188.249526,121880000,198.6740982,197.2901306
2025-04-11,197.2901306,198.6740982,185.2525983,185.2924332,87435900,212.0159552,201.6411743
2025-04-14,201.6411743,212.0159552,200.2870754,210.5224644,101352900,202.6268521,201.2628021
2025-04-15,201.2628021,202.6268521,198.9329603,200.9840184,51343900,199.8290612,193.4269714
2025-04-16,193.4269714,199.8290612,191.5352074,197.4992193,59732400,197.9671763,196.1251984
2025-04-17,196.1251984,197.9671763,193.5763099,196.3442449,52164700,192.9589994,192.3217773
2025-04-21,192.3217773,192.9589994,188.9863087,192.4313006,46742500,200.7152082,198.8732452
2025-04-22,198.8732452,200.7152082,195.1196007,195.2689437,52976400,207.097367,203.7121277
2025-04-23,203.7121277,207.097367,201.9199359,205.1060462,52929200,207.9237851,207.4657745
2025-04-24,207.4657745,207.9237851,202.0593453,204.0008802,47311000,208.8397725,208.3718109
2025-04-25,208.3718109,208.8397725,205.305175,205.4744355,38222300,210.5822026,209.2281036
2025-04-28,209.2281036,210.5822026,206.5597407,209.0887118,38743100,211.3189861,210.293457
2025-04-29,210.293457,211.3189861,207.4657697,207.7843884,36827600,212.6531655,211.5778503
2025-04-30,211.5778503,212.6531655,205.773148,208.3917399,52286500,213.6289116,212.3943024
2025-05-01,212.3943024,213.6289116,207.9934696,208.1726964,57365700,206.0917908,204.4589081
2025-05-02,204.4589081,206.0917908,201.2827484,205.1956872,101010600,203.2142987,198.0269012
2025-05-05,198.0269012,203.2142987,197.3498594,202.2186383,69018500,199.7792724,197.6485596
2025-05-06,197.6485596,199.7792724,196.1650352,197.3498736,51216500,198.5745204,195.3983612
2025-05-07,195.3983612,198.5745204,192.4113799,198.3056879,68536700,199.181884,196.6329956
2025-05-08,196.6329956,199.181884,193.8351769,196.8619933,50478900,199.6697444,197.6684723
2025-05-09,197.6684723,199.6697444,196.682763,198.1364339,36453900,210.6290369,210.1504822
2025-05-12,210.1504822,210.6290369,206.1227457,210.329944,63775800,212.7525719,212.2839966
2025-05-13,212.2839966,212.7525719,208.3659269,209.7915812,51909300,213.290953,211.6858368
2025-05-14,211.6858368,213.290953,209.9411459,211.7855243,49325800,212.3139309,210.8085022
2025-05-15,210.8085022,212.3139309,208.9042931,210.3100191,45029500,211.9251028,210.6190643
2025-05-16,210.6190643,211.9251028,209.1335945,211.7157332,54737900,208.8444644,208.1465912
2025-05-19,208.1465912,208.8444644,203.6402999,207.2792355,46140500,207.837538,206.2324219
2025-05-20,206.2324219,207.837538,204.407972,207.039962,42496600,206.4118779,201.4768982
2025-05-21,201.4768982,206.4118779,200.1010952,204.547556,59211800,202.134882,200.7490997
2025-05-22,200.7490997,202.134882,199.0941323,200.1010778,46742400,197.1002022,194.6775818
2025-05-23,194.6775818,197.1002022,192.8730755,193.0824299,78432900,200.1309909,199.6026001
2025-05-27,199.6026001,200.1309909,196.8310202,197.6983911,56288500,202.1149555,199.8119659
2025-05-28,199.8119659,202.1149555,199.2935393,199.9814484,45339700,203.1916738,199.3433838
2025-05-29,199.3433838,203.1916738,197.9077501,202.9623759,51396800,201.3472947,200.2406616
2025-05-30,200.2406616,201.3472947,196.183002,198.7651407,70819900,201.5167771,201.0880737
2025-06-02,201.0880737,201.5167771,199.5128654,199.6723836,35423300,203.1518034,202.6533203
2025-06-03,202.6533203,203.1518034,200.3503309,200.7391471,46381600,205.6142883,202.2046661
2025-06-04,202.2046661,205.6142883,201.4868493,202.2943894,43604000,204.1288121,200.0213165
2025-06-05,200.0213165,204.1288121,199.5427618,202.8826044,55126100,205.0759291,203.3013306
2025-06-06,203.3013306,205.0759291,201.4370088,202.3841236,46607700,205.3750203,200.8388214
2025-06-09,200.8388214,205.3750203,199.4131672,203.7699042,72862600,203.7300411,202.05513
2025-06-10,202.05513,203.7300411,199.9615102,199.991418,54672600,203.8795731,198.1769257
2025-06-11,198.1769257,203.8795731,197.8080531,202.882607,60989900,199.0741968,198.5956573
2025-06-12,198.5956573,199.0741968,196.7612433,198.4760263,43904600,199.7621095,195.8540039
2025-06-13,195.8540039,199.7621095,195.1062793,199.1240518,51447300,198.0872088,197.8180237
2025-06-16,197.8180237,198.0872088,195.963666,196.7014265,43020700,197.7881045,195.0464478
2025-06-17,195.0464478,197.7881045,194.6177596,196.6017124,38856200,196.970614,195.9836121
2025-06-18,195.9836121,196.970614,194.4781986,195.3455543,45394700,201.088071,200.3901978
2025-06-20,200.3901978,201.088071,196.2627585,197.6385766,96813500,201.6862478,200.8886719
2025-06-23,200.8886719,201.6862478,198.3563846,201.0182823,55814300,202.8227949,199.6923218
2025-06-24,199.6923218,202.8227949,199.5926191,201.9753676,54064000,203.0520854,200.9484863
2025-06-25,200.9484863,203.0520854,200.0113358,200.8388194,39525700,202.0252216,200.3901978
2025-06-26,200.3901978,202.0252216,198.8548766,200.8188859,50799100,202.6034778,200.4699707
2025-06-27,200.4699707,202.6034778,199.3932454,201.2775109,73188600,206.7608125,204.5475464
2025-06-30,204.5475464,206.7608125,198.6554727,201.3971297,91912800,209.5523191,207.1895142
2025-07-01,207.1895142,209.5523191,205.5146031,206.042994,78788900,212.6927499,211.7954865
2025-07-02,211.7954865,212.6927499,207.5085291,208.2761972,67941800,213.9987685,212.9021149
2025-07-03,212.9021149,213.9987685,211.1673884,211.5063532,34955800,215.5739801,209.3130341
2025-07-07,209.3130341,215.5739801,208.1665291,212.0347473,50229000,210.7885539,209.3728638
2025-07-08,209.3728638,210.7885539,207.8175989,209.4626023,42848900,210.6888614,210.4994354
2025-07-09,210.4994354,210.6888614,206.5913299,208.8943193,48749400,212.8323404,211.7655945
2025-07-10,211.7655945,212.8323404,209.3928101,209.8713496,44443600,211.4864217,210.5193634
2025-07-11,210.5193634,211.4864217,209.2233044,209.9311571,39765800,210.2701368,207.9870758
2025-07-14,207.9870758,210.2701368,206.9103505,209.293099,38840100,211.247166,208.4756012
2025-07-15,208.4756012,211.247166,208.2861752,208.5852681,42296300,211.7555942,209.5223999
2025-07-16,209.5223999,211.7555942,208.0070072,209.6619745,47490500,211.1574262,209.3828278
2025-07-17,209.3828278,211.1574262,208.9541244,209.9311622,48068100,211.1474566,210.5393066
2025-07-18,210.5393066,211.1474566,209.063801,210.2302496,48974600,215.1253644,211.8353729
2025-07-21,211.8353729,215.1253644,210.9879608,211.4565361,51377400,214.2978614,213.749527
2025-07-22,213.749527,214.2978614,211.5861124,212.4933552,46404100,214.4972714,213.5003052
2025-07-23,213.5003052,214.4972714,211.7655937,214.3477325,46989300,215.0356333,213.1114807
2025-07-24,213.1114807,215.0356333,212.8821828,213.2510554,46022600,214.5869994,213.2311249
2025-07-25,213.2311249,214.5869994,212.7525702,214.0486292,40268800,214.1981955,213.4006195
2025-07-28,213.4006195,214.1981955,212.4136175,213.3806759,37858000,214.1582971,210.6290436
2025-07-29,210.6290436,214.1582971,210.1804119,213.5302035,51411700,211.7456347,208.4157715
2025-07-30,208.4157715,211.7456347,207.0898047,211.2571158,45512500,209.2033794,206.9402771
2025-07-31,206.9402771,209.2033794,206.5315173,207.8574842,80698400,212.9320239,201.7660065
2025-08-01,201.7660065,212.9320239,200.8886714,210.230239,104434500,207.2493336,202.733078
2025-08-04,202.733078,207.2493336,201.0681311,203.8895472,75109300,204.7170233,202.3043671
2025-08-05,202.3043671,204.7170233,201.5466783,202.7829066,44155100,214.7265701,212.6030273
2025-08-06,212.6030273,214.7265701,204.9662631,205.0061503,108483100,220.1799768,219.3624573
2025-08-07,219.3624573,220.1799768,215.9229272,218.2159523,90224800,230.2991627,228.6541748
2025-08-08,228.6541748,230.2991627,218.5848114,220.1600196,113854000,229.1232799,226.7478027
2025-08-11,226.7478027,229.1232799,224.3324084,227.4864004,61806100,230.3609256,229.2131042
2025-08-12,229.2131042,230.3609256,226.6380259,227.5762248,55626200,234.5529449,232.8861237
2025-08-13,232.8861237,234.5529449,229.9916314,230.6304285,69878500,234.6727029,232.3371582
2025-08-14,232.3371582,234.6727029,230.4108371,233.6147219,51916300,233.834299,231.1494141
2025-08-15,231.1494141,233.834299,228.9036945,233.5548329,56038700,232.6765133,230.4507599
2025-08-18,230.4507599,232.6765133,229.672245,231.2592165,37476200,232.4269867,230.1213837
2025-08-19,230.1213837,232.4269867,228.9136941,230.8400152,39402600,230.0315543,225.5800323
2025-08-20,225.5800323,230.0315543,225.3404987,229.542481,42263900,226.0890812,224.4721527
2025-08-21,224.4721527,226.0890812,223.3542882,225.8395568,30621200,228.6541776,227.3267059
2025-08-22,227.3267059,228.6541776,224.9811857,225.7397344,42477800,228.8637724,226.7278442
2025-08-25,226.7278442,228.8637724,225.7996056,226.04913,30983100,229.0534295,228.873764
2025-08-26,228.873764,229.0534295,224.2625579,226.4384034,54575100,230.4607374,230.0515289
2025-08-27,230.0515289,230.4607374,227.8257602,228.1751005,31259500,232.9659733,232.1175842
2025-08-28,232.1175842,232.9659733,228.9037086,230.3809041,38074700,232.936026,231.6983795
2025-08-29,231.6983795,232.936026,230.9298401,232.0676708,39418400,230.4108447,229.2829895
2025-09-02,229.2829895,230.4108447,226.538221,228.8138824,44075600,238.3956241,238.0163422
2025-09-03,238.0163422,238.3956241,233.9141603,236.7587446,66427800,239.4436041,239.3238373
2025-09-04,239.3238373,239.4436041,236.2896273,237.9963657,47549400,240.8609127,239.2340088
2025-09-05,239.2340088,240.8609127,238.0362948,239.5434166,54870400,239.6931303,237.4274597
2025-09-08,237.4274597,239.6931303,235.8903809,238.8447565,48999500,238.3257398,233.9041748
2025-09-09,233.9041748,238.3257398,232.9160527,236.5491273,66313900,231.9778455,226.358551
2025-09-10,226.358551,231.9778455,225.5201527,231.7482873,83440800,230.0115911,229.592392
2025-09-11,229.592392,230.0115911,226.2188172,226.4483906,50208600,234.0638602,233.6247101
2025-09-12,233.6247101,234.0638602,228.5843142,228.7839307,55824200,237.7368657,236.2496948
2025-09-15,236.2496948,237.7368657,234.5828737,236.5491271,42699500,240.7611122,237.6969452
2025-09-16,237.6969452,240.7611122,235.8704399,236.7287893,63421100,239.6432436,238.5353546
2025-09-17,238.5353546,239.6432436,237.2777419,238.5153884,46508000,240.7411358,237.4274597
2025-09-18,237.4274597,240.7411358,236.1997887,239.51348,44249600,245.8314401,245.032959
2025-09-19,245.032959,245.8314401,239.7530294,240.771078,163741300,256.1517819,255.5928192
2025-09-22,255.5928192,256.1517819,247.6479709,247.8276364,105517400,256.8504363,253.9459686
2025-09-23,253.9459686,256.8504363,253.0975948,255.3932224,60275200,255.2534845,251.8300018
2025-09-24,251.8300018,255.2534845,250.5624136,254.7344695,42303700,256.6807647,256.3813171
2025-09-25,256.3813171,256.6807647,251.2311453,252.7282916,55202100,257.1099425,254.9740143
2025-09-26,254.9740143,257.1099425,253.2972024,253.616601,46076300,254.5148916,253.9459686
2025-09-29,253.9459686,254.5148916,252.5286718,254.0757262,40127700,255.4331386,254.1455994
2025-09-30,254.1455994,255.4331386,252.6284867,254.3751576,37704300,258.2976927,254.964035
2025-10-01,254.964035,258.2976927,254.44502,254.5548114,48713900,257.6888289,256.6408386
2025-10-02,256.6408386,257.6888289,253.6664968,256.0918667,42630200,258.7468246,257.5291443
2025-10-03,257.5291443,258.7468246,253.4668948,254.1855263,49155600,258.5771372,256.2016602
2025-10-06,256.2016602,258.5771372,254.5647808,257.4991748,44664100,256.9103287,255.9920959
2025-10-07,255.9920959,256.9103287,254.9440751,256.3214548,31955800,258.0282082,257.5690918
2025-10-08,257.5690918,258.0282082,255.6227891,256.0320128,36496900,257.5091748,253.5567017
2025-10-09,253.5567017,257.5091748,252.6584199,257.3195338,38322000,255.8922708,244.8034058
2025-10-10,244.8034058,255.8922708,243.5358175,254.4550079,61999100,249.214995,247.188858
2025-10-13,247.188858,249.214995,245.092847,248.9055871,38142900,248.3765922,247.298645
2025-10-14,247.298645,248.3765922,244.2344781,246.1308727,35478000,251.3409547,248.8656616
2025-10-15,248.8656616,251.3409547,246.9992239,249.0153854,33893600,248.5662349,246.9792633
2025-10-16,246.9792633,248.5662349,244.6636847,247.7777445,39777000,252.897966,251.8100281
2025-10-17,251.8100281,252.897966,246.7995893,247.5481624,49147000,263.877063,261.7411194
2025-10-20,261.7411194,263.877063,255.1437085,255.4032084,90483000,264.7853059,262.2700806
2025-10-21,262.2700806,264.7853059,261.3318664,261.3817896,46695900,262.349967,257.9583435
2025-10-22,257.9583435,262.349967,254.9440692,262.1503353,45015300,260.1241811,259.0861511
2025-10-23,259.0861511,260.1241811,257.5191611,259.4454821,32754900,263.6275434,262.3200378
2025-10-24,262.3200378,263.6275434,258.6869477,260.6931338,38253700,268.6080223,268.2986145
2025-10-27,268.2986145,268.6080223,264.1465248,264.3760982,44888200,269.3765722,268.4882507
2025-10-28,268.4882507,269.3765722,267.6398617,268.47826,41534800,270.8936584,269.1869202
2025-10-29,269.1869202,270.8936584,266.6018207,268.7677058,51086700,273.618475,270.883667
2025-10-30,270.883667,273.618475,267.9692392,271.4725409,69886500,276.7924426,269.8556519
2025-10-31,269.8556519,276.7924426,268.6479622,276.4630533,86167100,270.3347409,268.538147
2025-11-03,268.538147,270.3347409,265.7434859,269.9055663,50194600,270.9734988,269.5262756
2025-11-04,269.5262756,270.9734988,267.1108661,267.8195069,49274800,271.1831284,269.6260986
2025-11-05,269.6260986,271.1831284,266.4221834,268.0989801,43683100,272.879874,269.2567749
2025-11-06,269.2567749,272.879874,267.380377,267.380377,51204000,271.7719991,267.959259
2025-11-07,267.959259,271.7719991,266.262481,269.2867154,48227400,273.4741298,269.1781311
2025-11-10,269.1781311,273.4741298,267.2099714,268.7085692,41312400,275.6520624,274.9926758
2025-11-11,274.9926758,275.6520624,269.5477587,269.5577591,46208300,275.4722525,273.2143555
2025-11-12,273.2143555,275.4722525,271.4460211,274.742924,48398000,276.4413492,272.6948547
2025-11-13,272.6948547,276.4413492,271.8356428,273.8537435,49602800,275.7020035,272.1553345
2025-11-14,272.1553345,275.7020035,269.3479639,270.79659,47431300,270.2371272,267.2099609
2025-11-17,267.2099609,270.2371272,265.4815977,268.5687054,45018300,270.4569347,267.1900024
2025-11-18,267.1900024,270.4569347,265.0719891,269.7376065,45677300,271.9555111,268.3089294
2025-11-19,268.3089294,271.9555111,265.2517926,265.2817633,40424500,275.1725095,266.0010986
2025-11-20,266.0010986,275.1725095,265.6714205,270.5768036,45823600,273.0744517,271.2361755
2025-11-21,271.2361755,273.0744517,265.4216398,265.7013768,59030800,276.7410558,275.6620789
2025-11-24,275.6620789,276.7410558,270.6467521,270.6467521,65585800,280.1179061,276.7110901
2025-11-25,276.7110901,280.1179061,274.9926967,275.012667,46914200,279.2686874,277.2905273
2025-11-26,277.2905273,279.2686874,276.3714045,276.7010825,33431400,278.7391786,278.589325
2025-11-28,278.589325,278.7391786,275.7319827,277.000815,20135600,283.1550658,282.8353577
2025-12-01,282.8353577,283.1550658,275.8818726,277.7501196,46587700,287.1313151,285.9224548
2025-12-02,285.9224548,287.1313151,282.3657854,282.7354346,53669500,288.3501915,283.8843689
2025-12-03,283.8843689,288.3501915,283.0351574,285.9324708,43538700,284.4638228,280.4375916
2025-12-04,280.4375916,284.4638228,278.3295483,283.8344069,43989100,280.8771882,278.5193787
2025-12-05,278.5193787,280.8771882,277.7900501,280.2777431,47265800,279.4085532,277.6302185
2025-12-08,277.6302185,279.4085532,275.8918245,277.8699844,38211800,279.7682097,276.9208679
2025-12-09,276.9208679,279.7682097,276.6611317,277.8999627,32193300,279.4884731,278.5193787
2025-12-10,278.5193787,279.4884731,276.1815699,277.4903428,33038300,279.3286198,277.7700806
2025-12-11,277.7700806,279.3286198,273.5540244,278.8390876,33248000,278.9589907,278.0198669
2025-12-12,278.0198669,278.9589907,276.5612403,277.6402173,39532900,279.8880912,273.8537292
2025-12-15,273.8537292,279.8880912,272.5849275,279.8880912,50409100,275.2424541,274.3532715
2025-12-16,274.3532715,275.2424541,271.5359309,272.5649668,37648600,275.9018454,271.5858765
2025-12-17,271.5858765,275.9018454,271.3860817,274.7529265,50138700,273.3742031,271.9355469
2025-12-18,271.9355469,273.3742031,266.7004552,273.3542023,51630700,274.3433079,273.4141846
2025-12-19,273.4141846,274.3433079,269.6476893,271.895586,144632000,273.6239579,270.7166748
2025-12-22,270.7166748,273.6239579,270.2571134,272.604892,36571800,272.245261,272.1053772
2025-12-23,272.1053772,272.245261,269.3080069,270.5868091,29642000,275.1724967,273.5540161
2025-12-24,273.5540161,275.1724967,271.9455359,272.0853892,17910600,275.1125688,273.1444092
2025-12-26,273.1444092,275.1125688,272.6049055,273.9037085,21521800,274.1035041,273.5040894
2025-12-29,273.5040894,274.1035041,272.0954038,272.4350823,23715200,273.8237722,272.824707
2025-12-30,272.824707,273.8237722,272.0254671,272.5549704,22139600,273.4241408,271.605835
2025-12-31,271.605835,273.4241408,271.4959524,272.8047253,27293600,277.5802543,270.7566528
2026-01-02,270.7566528,277.5802543,268.7485221,272.0054843,37838100,271.2561893,267.0101624
2026-01-05,267.0101624,271.2561893,265.8912143,270.3870074,45647200,267.2998661,262.1147156
2026-01-06,262.1147156,267.2998661,261.8749497,266.7503925,52352100,263.4334831,260.0866089
2026-01-07,260.0866089,263.4334831,259.567106,262.9539514,48309800,259.0476179,258.7978516
2026-01-08,258.7978516,259.0476179,255.4609623,256.7797204,50419300,259.9667441,259.127533
2026-01-09,259.127533,259.9667441,255.9804837,258.8377955,39997000,261.0557201,260.0067139
2026-01-12,260.0067139,261.0557201,256.5599268,258.9177365,45263800,261.565238,260.8059387
2026-01-13,260.8059387,261.565238,258.1484523,258.4781304,45730800,261.5752571,259.71698
2026-01-14,259.71698,261.5752571,256.4700181,259.2474181,40019400,260.7959688,257.9685974
2026-01-15,257.9685974,260.7959688,256.8096782,260.4063188,39388600,258.6579672,255.2911224
2026-01-16,255.2911224,258.6579672,254.6916772,257.658902,72142800,254.5518092,246.4693756
2026-01-20,246.4693756,254.5518092,243.1924431,252.4937374,80267500,251.3248361,247.4184875
2026-01-21,247.4184875,251.3248361,244.9507953,248.467509,54641700,250.7653603,248.1178436
2026-01-22,248.1178436,250.7653603,247.9180184,248.9670399,39708300,249.1768504,247.8081207
2026-01-23,247.8081207,249.1768504,244.4512611,247.0888078,41689000,256.320153,255.1712341
2026-01-26,255.1712341,256.320153,249.566478,251.2449002,55969200,261.7051167,258.0285339
2026-01-27,258.0285339,261.7051167,257.9685925,258.9277169,49648300,258.6180076,256.2002869
2026-01-28,256.2002869,258.6180076,254.2720831,257.4091472,41288000,259.4072581,258.0385437
2026-01-29,258.0385437,259.4072581,254.1721665,257.7588067,67253000,261.6551473,259.2374268
2026-01-30,259.2374268,261.6551473,251.9442331,254.9314433,92443400,270.2371307,269.7575989
2026-02-02,269.7575989,270.2371307,258.9676766,259.7869174,73913400,271.6258386,269.2280884
2026-02-03,269.2280884,271.6258386,267.3598109,268.9483514,64394700,278.6892285,276.2315063
2026-02-04,276.2315063,278.6892285,272.0354511,272.0354511,90545700,279.2387093,275.6520691
2026-02-05,275.6520691,279.2387093,272.9745818,277.8699949,52977400,280.6473856,277.8599854
2026-02-06,277.8599854,280.6473856,276.6710954,276.8609202,50453400,278.2000122,274.6199951
2026-02-09,274.6199951,278.2000122,271.7000122,277.9100037,44623400,275.3699951,273.6799927
2026-02-10,273.6799927,275.3699951,272.9400024,274.8900146,34376900,280.1799927,275.5
2026-02-11,275.5,280.1799927,274.4500122,274.7000122,51931300,275.7200012,261.730011
2026-02-12,261.730011,275.7200012,260.1799927,275.5899963,81077200,262.230011,255.7799988
2026-02-13,255.7799988,262.230011,255.4499969,262.0100098,56290700,266.2900085,263.8800049
2026-02-17,263.8800049,266.2900085,255.5399933,258.0499878,58469100,266.8200073,264.3500061
2026-02-18,264.3500061,266.8200073,262.4500122,263.6000061,34203300,264.480011,260.5799866
2026-02-19,260.5799866,264.480011,260.0499878,262.6000061,30845300,264.75,264.5799866
2026-02-20,264.5799866,264.75,258.1600037,258.9700012,42070500,269.4299927,266.1799927
2026-02-23,266.1799927,269.4299927,263.3800049,263.4899902,37308200,274.8900146,272.1400146
2026-02-24,272.1400146,274.8900146,267.7099915,267.8599854,47014600,274.9400024,274.230011
2026-02-25,274.230011,274.9400024,271.0499878,271.7799988,33714300,276.1099854,272.9500122
2026-02-26,272.9500122,276.1099854,270.7999878,274.9500122,32345100,272.8099976,264.1799927
2026-02-27,264.1799927,272.8099976,262.8900146,272.8099976,72366500,266.5299988,264.7200012
2026-03-02,264.7200012,266.5299988,260.2000122,262.4100037,41827900,265.5599976,263.75
2026-03-03,263.75,265.5599976,260.1300049,263.480011,38568900,266.1499939,262.519989
2026-03-04,262.519989,266.1499939,261.4200134,264.6499939,39803100,261.5599976,260.2900085
2026-03-05,260.2900085,261.5599976,257.25,260.7900085,49658600,258.769989,257.4599915
2026-03-06,257.4599915,258.769989,254.3699951,258.6300049,41120000,261.1499939,259.8800049
2026-03-09,259.8800049,261.1499939,253.6799927,255.6900024,38218500,262.480011,260.8299866
2026-03-10,260.8299866,262.480011,256.9500122,257.6499939,30590800,262.1300049,260.8099976
2026-03-11,260.8099976,262.1300049,259.5499878,261.0899963,26218900,258.9500122,255.7599945
2026-03-12,255.7599945,258.9500122,254.1799927,258.6600037,40794000,256.3299866,250.1199951
2026-03-13,250.1199951,256.3299866,249.5200043,255.4799957,36930000,253.8899994,252.8200073
2026-03-16,252.8200073,253.8899994,249.8800049,252.1100006,32074200,255.1300049,254.2299957
2026-03-17,254.2299957,255.1300049,252.1799927,252.9600067,32361600,254.9400024,249.9400024
2026-03-18,249.9400024,254.9400024,249,252.6300049,35757900,251.8300018,248.9600067
2026-03-19,248.9600067,251.8300018,247.3000031,249.3999939,34864100,249.1999969,247.9900055
2026-03-20,247.9900055,249.1999969,246,247.9799957,88331100,254.6000061,251.4900055
2026-03-23,251.4900055,254.6000061,250.2799988,253.9700012,40546100,254.8300018,251.6399994
2026-03-24,251.6399994,254.8300018,249.5500031,250.3500061,45152300,255,252.6199951
2026-03-25,252.6199951,255,251.6000061,254.1000061,28476700,257,252.8899994
2026-03-26,252.8899994,257,250.7700043,252.1199951,41796700,255.4900055,248.8000031
2026-03-27,248.8000031,255.4900055,248.0700073,253.8999939,47900000,250.8699951,246.6300049
2026-03-30,246.6300049,250.8699951,245.5099945,250.0700073,39446200,255.4799957,253.7899933
2026-03-31,253.7899933,255.4799957,247.1000061,247.9100037,49598100,256.1799927,255.6300049
2026-04-01,255.6300049,256.1799927,253.3300018,254.0800018,40059400,256.1300049,255.9199982
2026-04-02,255.9199982,256.1300049,250.6499939,254.1999969,31289400,262.1600037,259.9400024
2026-04-06,259.9400024,262.1600037,256.480011,256.9624939,8513830,,